La_name,La_code,total_deaths,Children,Adults,Elders,Seniors,No_deprivation,Deprivation_in_one_dimesion,Deprivation_in_two_dimesion,Deprivation_in_three_dimesion,Deprivation_in_four_dimesion,"Managers,_directors_and_senior_officials",Professional_occupations,Associate_professional_and_technical_occupations,Administrative_and_secretarial_occupations,Skilled_trades_occupations,"Caring,_leisure_and_other_service_occupations",Sales_and_customer_service_occupations,"Process,_plant_and_machine_operatives",Elementary_occupations,No_qualifications,Level_1_and_entry_level_qualifications,Level_2_qualifications,Apprenticeship,Level_3_qualifications,Level_4_qualifications_or_above,Other_qualifications
Adur,E07000223,1.35,169.05,594.85,118.01,118.09,454.65,356.67,151.52,33.82,3.33,57.68,82.24,64.56,43.41,58.87,46.99,34.44,27.75,37.09,160.09,93.97,123.16,51.52,140.29,229.05,22.31
Amber Valley,E07000032,2.42,157.12,617.24,124.03,101.6,489,335.71,139.74,34.22,1.33,60.23,81.95,58.25,42.84,60.62,41.91,32.94,42.91,45.92,163.76,86.96,118.92,55.72,148.35,239.8,18.92
Arun,E07000224,1.94,144.19,571.48,141.2,143.14,459.25,364.83,144.71,28.54,2.66,58.63,63.33,51.17,40.94,55.43,50.77,32.2,33.13,46.89,166.99,97.9,129.32,55.19,145.45,223.42,28.08
Ashfield,E07000170,2.99,174.53,628.46,105.46,91.55,431.45,343.48,176.36,46.45,2.26,44.5,63.78,50.28,44,60.93,49.13,38.21,44.38,58.38,192.25,97.38,127.77,55.02,145.63,175.65,20.6
Ashford,E07000105,2.61,184.43,619.73,104.65,91.19,499.86,337.51,132.15,28.51,1.96,68.67,87.72,61.58,43.15,54.77,42.39,33.49,32.48,44.57,141.84,91.14,123.63,44.84,137.34,242.17,23.32
Babergh,E07000200,2.21,150.5,583.73,138.45,127.32,511.83,347.67,116.37,23.21,0.92,68.81,79.14,61.95,44.49,61.16,41.58,30.38,28.64,38.97,146.1,93.59,131.49,51.8,145.22,247.09,22.65
Barking and Dagenham,E09000002,2.34,245.86,667.18,49,37.96,375.92,370.71,190.66,58.83,3.88,34.68,67.74,41.18,38.63,48.93,46.21,31.11,39.42,64.17,168.12,76.54,93.06,28.6,99.69,245.77,27.24
Barnet,E09000003,2.23,193.05,662.85,76.56,67.54,495.73,329.95,133.47,36.36,4.48,80.01,127.86,64.36,41.12,36.54,34.78,24.5,20.86,33.73,122.67,54.71,78.82,24.73,98.99,389.48,25.14
Barnsley,E08000016,2.93,172.46,632.92,108.2,86.42,427.92,339.48,176.57,53.82,2.21,45.84,63.2,49.11,40.02,57.04,45.3,39.17,47,60.85,205.78,88.27,118.48,53.94,137.59,191.34,21.47
Basildon,E07000066,2.96,195.66,634.28,91.42,78.63,461.7,343.38,152.59,39.43,2.89,57.63,81.22,60.79,56.33,52.72,40.61,32.57,34.32,47.72,164.35,103.64,130.56,42.47,134.97,194.81,21.77
Basingstoke and Deane,E07000084,1.55,180.01,647.1,94.29,78.61,550.36,319.97,107.01,21.53,1.12,74.61,113.45,77.08,50.94,49.73,43.33,31.96,28.63,43.76,115.05,85.95,116.5,39.99,145.97,285.2,20.43
Bassetlaw,E07000171,1.82,162.53,616.07,119.51,101.88,468.24,343.02,150.17,37.15,1.42,57.8,67.01,49.85,38.44,54.85,47.53,32.99,50.93,57.07,178.37,90.41,122.17,55.3,143.98,210.93,25.36
Bath and North East Somerset,E06000022,1.37,153.62,652.37,99.62,94.39,540.94,321.7,112.96,22.95,1.44,67.14,110.88,60.72,39.86,45.14,36.96,24.9,20.68,36.2,102.4,61.9,99,39.34,182.61,332.2,18.18
Bedford,E06000055,2.59,188.31,644.21,90.24,77.24,516.4,326.85,123.99,29.67,3.09,63.35,97.6,65.08,43.36,47.07,41.99,31.66,32.63,54.55,133.96,82.96,107.85,44.61,129.44,277.55,23.28
Bexley,E09000004,2.35,193.39,640.7,85.99,79.92,485.19,342.34,138.85,31.46,2.16,58.32,93.77,64.53,62.21,49.34,39.71,30.04,29.52,38.71,144.37,86.88,115.77,41.49,131.91,250.89,23.22
Birmingham,E08000025,2.37,209.05,659.51,69.81,61.63,404.1,346.59,186.23,59.14,3.94,35.26,79.04,42.32,34.72,31.73,36.91,27.83,32.91,47.41,185.34,78.68,97.14,28.32,132.8,232.16,22.58
Blaby,E07000129,2.02,175.57,619.69,108.31,96.42,536.27,328.62,115.16,19.33,0.61,64.36,95.84,69.15,52.05,59.74,42.08,32.5,32.76,41.51,140.52,81.35,115.44,57.75,149.89,248.21,19.73
Blackburn with Darwen,E06000008,2.69,212.95,642.27,83.26,61.52,411.57,340.02,182.38,62.82,3.2,38.19,66.16,42.8,39.71,43.07,44.16,36.91,41.32,45.22,186.92,83.81,107.11,42.33,121.64,207.15,23.37
Blackpool,E06000009,2.71,163.99,629.03,110.19,96.78,382.3,351.14,197.33,64.57,4.66,43.61,52.31,41.55,46.37,45.24,58.49,37.81,33.18,49.46,202.61,96.98,123.87,55.94,137.43,185.61,22.48
Bolsover,E07000033,2.77,162.79,635.25,110.06,91.91,427.24,344.86,179.18,47.42,1.31,47.7,61.85,48.25,41.94,57.56,53.3,37,47.96,69.15,199.54,95.88,125.39,56.26,146.63,179.46,22.47
Bolton,E08000001,2.3,201.75,626.87,94.81,76.57,431.77,341.27,171.51,52.56,2.89,44.63,70.66,49.92,40.82,42.36,40.07,37.58,38.4,46.54,177.22,83.77,109.31,48.41,129.04,215.16,21.95
Boston,E07000136,2.23,171.68,623.96,108.32,96.04,408.59,386.03,162.39,40.17,2.82,40.05,50.35,34.65,35.73,52.07,46.73,35.19,88.08,84.39,225.82,103.78,117.36,60.15,115.7,155.49,38.45
"Bournemouth, Christchurch and Poole",E06000058,2.17,153.5,630.54,108.48,107.48,483,340.34,139.39,33.88,3.39,60.23,89.53,58.62,40.5,49.79,47.36,35.35,27.06,39.94,133.23,82.71,118.28,50.44,159.35,268.46,24.39
Bracknell Forest,E06000036,1.26,185.05,663.47,84.7,66.78,563.74,311.27,102.14,21.27,1.57,80.88,109.45,85.52,52.85,52.67,46.43,31.3,23.51,39.89,105.8,84.91,119.81,41.5,143.44,285.52,21
Bradford,E08000032,2.13,214.13,633.97,85.1,66.81,429.51,344.16,168.26,54.4,3.67,40.37,68.21,45.47,38.43,41.84,41.12,33.57,37.89,45.72,185.07,84.28,105.16,41.68,121.29,211.68,22.38
Braintree,E07000067,2.59,172.68,622.84,112.07,92.41,499.91,341.5,129.91,27.2,1.47,68.69,78.12,65.79,50.41,61.81,45.55,32.76,34.11,44.37,149.66,100.27,135.94,48.08,148.65,210.43,22.1
Breckland,E07000143,2.09,156.75,593.73,130.65,118.87,454.88,368.82,145.56,29.38,1.38,56.55,59.78,53.09,40.47,61.45,48.67,32.88,47.87,54.34,185.39,100.34,129.93,57.01,140.74,192.31,27.3
Brent,E09000005,2.33,178.55,705.05,64.47,51.93,399.42,365.06,177.19,53.35,4.98,54.08,90.57,55.49,37.63,45.52,38.49,35.13,36.92,61,175.89,71.5,76.95,28.04,101.05,323.7,32.56
Brentwood,E07000068,2.91,172.85,625.52,100.77,100.86,554.54,314.52,107.14,22.14,1.67,90.63,115.19,77.77,58.94,41.96,32.12,22.16,19.17,25.74,123.07,78.8,125.48,38.5,140.04,288.76,21.32
Brighton and Hove,E06000043,1.46,140.67,718.67,76.46,64.2,478.76,329.98,143.83,42.79,4.64,70.43,128.63,82.41,36,38.17,40.1,30.31,17.7,33.95,105.43,59.71,90.46,29.06,167.3,378.16,19.27
"Bristol, City of",E06000023,1.2,165.68,705.72,69.57,59.03,501.65,317.79,138.3,39.22,3.05,50.74,133.31,72.09,42.26,41.47,38.27,29.38,26.72,47.5,119.92,62.12,88.45,32.35,156.58,347.34,18.08
Broadland,E07000144,2.35,151.33,590.02,132.12,126.53,509.88,345.67,123.46,20.25,0.73,62.26,85.18,61.08,50.77,60.83,45.3,35.78,28.89,35.5,147.39,93.02,131.82,61.6,152.08,230.18,22.84
Bromley,E09000006,2.04,184.98,638.52,90.47,86.03,546.42,312.41,113.09,26.4,1.68,84.03,130.12,77.05,52.99,38.44,32.76,23.26,17.46,25.89,110.86,69.79,106.85,32,119.46,343.98,20.4
Bromsgrove,E07000234,2.49,170.87,599.87,115.81,113.46,547.36,320.38,110.43,21.03,0.8,81.37,117.82,64.62,46.7,47.32,35.8,23.62,21.2,28.9,128.3,74.16,115.22,43.74,135.87,299.43,20.98
Broxbourne,E07000095,2.17,185.8,640.07,89.03,85.09,464.89,350.62,145.87,35.21,3.41,67.19,77.6,63.89,58.14,58.12,39.46,31.68,36.29,44.54,167.23,94.43,118.44,45.53,134.03,219.06,23.6
Broxtowe,E07000172,2.35,156.29,625.34,115.17,103.19,500.2,337.84,132.3,28.62,1.05,52.25,112.74,60.86,44.31,46.34,34.35,31.73,29.56,42.82,144.94,78.94,103.54,49.89,151.17,285.2,20.46
Buckinghamshire,E06000060,1.89,185.96,626.52,97.45,90.06,571.57,310.04,98.19,19.1,1.1,90.9,110.14,73.15,45.94,45.53,37.59,26.74,22.77,30.86,110.26,71.29,107.53,38.44,126.22,328.56,19.38
Burnley,E07000117,3.06,192.42,629.04,100.9,77.64,408.93,342.82,183.48,61.2,3.56,38.32,57.98,44.26,36.26,49.91,48.36,34.91,42.89,58.82,193.85,88.41,110.04,51.98,133.23,193.34,23.67
Bury,E08000002,2.68,188.29,628.85,100.07,82.79,474.74,335.56,147.16,40.44,2.1,57,93.79,61.35,46.17,41.1,42.14,34.81,30.95,38.18,148.08,77.74,116.89,44.39,131.99,258.12,21.72
Calderdale,E08000033,1.54,181.16,628.6,106.27,83.97,477.75,330.73,148.09,41.24,2.2,55.51,87.14,60.65,43.5,50,41.38,30.8,34.45,38.65,154.7,78.95,113.01,50.93,140.81,248.84,19.19
Cambridge,E07000008,0.83,135.19,750.76,59.7,54.35,565.01,302.41,104.53,26.49,1.57,50.15,191.17,54.78,26.41,24,29.5,18.47,15.52,38.61,82.08,41.11,58.98,22.21,155.73,478.23,18.12
Camden,E09000007,1.47,144.16,737.68,65.03,53.12,475.23,319.12,145.92,53.23,6.5,85.95,162.38,88.22,28.74,17.63,27.75,21.22,13.63,22.89,99.69,42.81,60.8,16.19,119.7,485.08,22.37
Cannock Chase,E07000192,2.64,168.57,636.9,106.08,88.45,455.71,338.24,163.49,41.06,1.49,53.8,66.31,56.84,45.94,68.62,46.76,38.41,45.4,54.26,180.4,97.75,130.11,49.63,154.41,186.51,21.7
Canterbury,E07000106,2.86,145.65,636.79,113.8,103.75,472.94,349.48,142.32,32.8,2.46,53.39,90.07,53.24,33.91,43.18,38.1,26.05,21.22,35.39,136.92,75.24,105.43,41.01,183.11,278.83,22.85
Castle Point,E07000069,4.07,158.64,589.1,130.57,121.69,438.31,368.04,157.75,33.83,2.05,59.66,64.74,59.67,59.26,60.96,41.12,32.04,34.9,36.13,198.16,113.33,141,56.21,141.3,153.45,27.15
Central Bedfordshire,E06000056,1.97,184.14,635.92,98.91,81.03,547.74,322.43,107.14,21.59,1.1,77.34,99.05,76.65,51.41,56.43,40.9,29.8,31.01,39.84,120.98,83.77,118.58,47.81,146.5,267.3,19.67
Charnwood,E07000130,1.76,157.34,654.4,101.46,86.8,529.53,323.68,120.2,25.55,1.04,59.65,92.83,61.11,42.25,48.75,38.85,29.36,30.99,39.72,131.12,75.33,103.12,48.82,183.43,271.16,19.23
Chelmsford,E07000070,2.28,174.23,632.1,101.55,92.13,545.69,322.3,108.35,22.47,1.2,74.66,113.23,71.62,53.41,45.65,36.09,27.99,23.88,36.45,123.41,84.39,124.02,41.98,142.78,275.92,21.39
Cheltenham,E07000078,1.82,161.03,646.4,96.34,96.23,561.59,306.93,106.11,23.81,1.55,66.09,121.62,64.55,56.71,40.96,37.85,30.93,23.08,40.38,110.92,66.04,103.83,36.5,133.68,357.15,20.24
Cherwell,E07000177,1.43,177.37,648.52,93.68,80.43,541.07,325.62,108.66,23.22,1.44,71.98,101.76,69.74,47.83,53.59,40.35,37.83,40.75,53.19,130.12,85.25,112.84,45.37,130.31,284.69,22.45
Cheshire East,E06000049,2.28,162.76,613.48,117.08,106.68,547.86,315.85,112,23.37,0.92,79.75,102.64,65.3,42.26,42.7,37.85,30.4,29.25,42.34,124.19,71.65,113.13,48.63,138.86,310.41,19.34
Cheshire West and Chester,E06000050,2.42,161.89,626.02,113.06,99.02,520.48,321.19,126.31,30.43,1.58,66.2,96.3,61.51,41.38,43.86,39.87,34.77,32.31,44.28,130.96,76.91,113.31,44.56,146.89,295.08,19.29
Chesterfield,E07000034,2,159.22,624.66,116.6,99.53,447.12,342.02,164.05,44.69,2.1,47.97,76.56,50.81,43.15,51.15,53.34,39.07,37.1,50.76,167.81,90.61,126,53.25,149.17,222.59,20.95
Chichester,E07000225,2.32,145.69,583.28,135.07,135.96,534.7,332.83,109.33,21.87,1.26,76.65,89.76,64.73,36.1,52.3,40.87,25.38,19.66,35.46,125.22,74.66,115.74,43.01,149.81,314.28,21.25
Chorley,E07000118,1.92,170.06,625.1,113.78,91.06,525.41,325.64,119.99,28.05,0.92,68.05,100,66.38,45.6,48.95,43.43,29.81,32,40.17,130.99,76.5,114.4,54.91,146.64,277.02,18.08
City of London,E09000001,1.28,63.64,795.8,82.87,57.69,597.67,314.8,70.63,15.27,1.63,128.21,271.33,116.67,31,11.31,16.78,13.29,5.83,19.81,61.66,25.99,45.69,9.32,82.52,692.19,15.73
Colchester,E07000071,1.82,177.67,644.29,94.93,83.11,513.62,332.45,123.35,28.75,1.82,61.44,96.5,66.46,43.19,47.67,47.47,30.8,27.48,38.61,124.76,83.66,120.36,42.23,157.85,261.53,20.86
Cornwall,E06000052,0.88,152.56,594.71,136.4,116.34,461.1,354.76,146.45,34.93,2.75,56.53,67.89,49.12,36.04,68.99,48.43,33.97,29.96,44.05,136.63,83.6,126.89,55.15,157.73,255.81,21.33
Cotswold,E07000079,1.46,149.68,589.77,135.64,124.91,570.12,317.98,94.88,16.4,0.62,93.69,91.61,63.76,41.52,58.99,38.33,28.9,21.49,37.32,114.93,74.51,117.14,40.39,138.44,334.35,20.41
County Durham,E06000047,2.58,158.24,628.5,118.29,94.97,444.76,337.39,169.97,46.56,1.31,42.8,69.24,50.38,40,49.62,42.96,34.79,39.08,45.22,173.93,79.22,118.23,51.83,165.52,222.23,20.26
Coventry,E08000026,1.72,186.82,667.48,75.44,70.26,449.98,340.38,159.62,46.36,3.66,36.87,80.6,48.29,38.16,37.74,37.99,31.08,37.19,61.15,155.42,79.76,101.12,41.36,152.1,245.25,26.76
Crawley,E07000226,1.69,198.71,668.35,74.6,58.33,460.04,347.49,152.32,37.54,2.62,49.9,73.51,60.54,48.21,44.56,55.95,43.32,46.09,63.64,140.79,104.84,128.75,41.31,129.61,217.51,26.84
Croydon,E09000008,2.34,193.46,670.7,74.28,61.56,479.95,338.5,141.46,36.49,3.61,61.1,109.52,67.22,48.51,40.35,44.14,31.69,26.99,41.4,127.66,72.61,97.87,30.17,116.54,325.92,23.66
Cumbria,E06000063,2.74,155.62,613.03,126.92,104.43,481.46,336.6,142.58,38.07,1.3,47.38,72.75,51.41,38.71,66.19,45.92,34.35,49.13,52.52,170.7,85.04,118.07,62.21,146.97,230.08,20.82
Dacorum,E07000096,2.01,190.08,636.04,92.18,81.71,539.29,317.9,114.19,26.39,2.24,82.18,103.46,74.82,46.7,47.25,38.55,28.6,25.28,39.82,117.15,80.6,113.46,38.23,127.96,301.42,19.36
Darlington,E06000005,2.26,171.17,624.38,110.74,93.71,486.03,334.93,141.96,35.53,1.55,48.33,77.63,54.69,45.49,46.4,44,40.35,35.47,53.86,157.44,76.77,118.12,57.65,149.73,236.7,20.9
Dartford,E07000107,2.44,210.54,652.09,73.68,63.69,521.84,321.29,126.64,28.06,2.17,64.37,102.6,65.5,57.71,52.8,40.03,32.32,34.24,44.2,126.05,85.72,118.63,43.3,130.08,251.49,21.59
Derby,E06000015,2.71,187.85,648.45,85.84,77.86,456.07,337.5,157.18,46.44,2.8,39.74,81.47,49.47,36.84,41.45,41.77,33.35,43.39,58.37,161.24,82.59,106.01,49.98,138.62,237.59,24.35
Derbyshire Dales,E07000035,2.33,135.81,584.34,148.74,131.1,529.33,333.41,116.78,19.36,1.12,77.2,94.34,51.23,38.89,62.99,36.05,24.78,31.66,38.71,133.95,74.1,113.52,44.35,134.02,334.63,18.91
Doncaster,E08000017,2.59,174.24,631.5,106.65,87.61,437.46,347.08,167.34,46.23,1.9,45.31,56.8,47.01,38.76,51.78,44.76,37.57,45.55,70.96,200.6,93.22,123.03,54.41,135,184.78,23.38
Dorset,E06000059,1.42,141,563.21,151.31,144.48,499.07,349.93,124.84,24.43,1.72,63.43,75.91,55.18,40.85,60.76,44.39,29.06,24.79,38.44,133.92,88.38,127.16,57.81,149.86,266.87,24.05
Dover,E07000108,2.91,162.72,597.62,129.33,110.34,451.48,349.75,158.3,37.94,2.51,51.35,66.38,63.83,40.68,49.91,52.93,31.35,31.85,41.11,160.69,92.27,128.04,48.81,147.91,222.93,25.14
Dudley,E08000027,2.24,177,618.79,104.55,99.66,441.55,345.49,168.51,42.58,1.87,47.03,74.53,52.99,47.05,55.26,41.94,35.19,39.37,44.3,187.24,88.02,122.04,48.54,139.31,202.76,23.52
Ealing,E09000009,2.02,183.62,695.27,68.04,53.07,460.33,341.56,151.69,42.54,3.88,65.12,106.1,63.73,37.61,41.74,33.36,31.11,31.37,51.87,144.16,64.89,74.8,27.27,103.29,356.78,33.37
East Cambridgeshire,E07000009,1.11,174.52,617.89,110.48,97.11,534.07,332.92,110.96,21.24,0.81,73.64,109.06,69.11,47.7,56.92,46.15,26.57,31.74,39.66,134.73,79.68,109.8,49.96,133.73,284.94,21.06
East Devon,E07000040,1.2,145.47,554.69,147.51,152.33,507.4,353.67,116.92,20.74,1.27,62.3,76.95,54.02,38.99,60.16,45.42,32.75,23.66,39.19,127.35,83.89,126.03,54.37,144.02,285.86,23.1
East Hampshire,E07000085,1.56,162.64,606.25,119.55,111.56,569.9,315.53,94.96,18.46,1.15,86.42,103.85,68.29,45.25,55.11,44.63,25.31,20.62,31.65,108.2,72.18,119.71,39.73,146.92,319.77,19.25
East Hertfordshire,E07000242,1.53,180.19,637.4,97.28,85.13,571.5,309.8,99.98,18.07,0.65,92.67,112.7,79.69,50.89,47.06,37.91,25.33,22.54,31.71,111.59,75.97,115.88,37.9,135.8,311.16,18.53
East Lindsey,E07000137,2.24,136.58,558.91,164.13,140.38,397.77,369.18,184.73,45.62,2.71,51.11,47.28,40.19,32.85,56.19,45.32,32.21,32.93,45.45,215.27,97.89,129.31,60.03,141.03,183.65,26.09
East Riding of Yorkshire,E06000011,2.19,147.43,588.13,141.53,122.91,510.99,340.2,124.42,23.29,1.1,62.2,81.71,55.97,41.09,56.32,42.18,29.94,32.85,43.52,153.35,84.54,118.54,60.26,144.94,256.71,23.65
East Staffordshire,E07000193,3.14,177.92,635.93,99.93,86.23,493.59,339.38,134.11,31.08,1.83,58.18,73.37,50.08,41.54,49.98,38.22,31.46,52.09,71.55,163.13,86.75,117.68,48.55,137.71,232.43,24.17
East Suffolk,E07000244,2.04,149.14,573.25,143.27,134.35,468.86,354.79,142.06,32.31,1.98,55.85,68.23,53.32,40.96,53.59,44.85,32.09,33.02,41.64,162.99,94.67,126.15,57.96,142.21,231.52,24.62
Eastbourne,E07000061,3.11,157.63,597.31,121.14,123.92,432.04,359.58,161.94,41.26,5.17,48.13,75.83,49.66,37.87,46.76,57.26,33.9,24.85,45.06,153.09,92.24,121.88,47.28,141.97,247.92,27.35
Eastleigh,E07000086,1.3,179.84,624.99,102.73,92.44,551.58,321.3,105.97,20.21,0.95,68.66,108.48,71.89,53.3,55.34,44.19,33.14,28,35.21,111.07,82.15,120.18,53.14,153.97,267.81,20.34
Elmbridge,E07000207,1.92,202.86,618.26,90.48,88.41,618.65,281.11,83.51,15.76,0.97,118.14,126.32,76.99,39.49,29.92,31.28,19.19,12.92,20.16,84.7,50.79,89.67,25.33,106.74,408.47,18.22
Enfield,E09000010,2.25,206.42,657.17,72.57,63.84,421.88,356.6,167.13,49.72,4.68,54.81,88.02,52.67,40.77,42.81,40.04,29.46,27.78,45.93,175.2,73.19,87.9,30.47,104.48,282.96,25.19
Epping Forest,E07000072,2.84,174.17,631.23,101.7,92.9,511.12,331.8,126.58,28.6,1.9,91.21,96.66,68.84,58.3,51.12,33.05,24.33,24.69,30.61,153.61,84.37,119.39,40.67,130.2,263.98,22.19
Epsom and Ewell,E07000208,2.71,188.91,630.51,93.28,87.3,575.93,305.68,97.61,19.03,1.75,86.39,130.75,72.44,49.8,39.87,39.25,21.87,17.12,24.98,101.88,63.09,101.03,32.47,124.91,353.88,20.98
Erewash,E07000036,2.56,161.04,630.95,110.61,97.41,480.37,338.81,142.33,36.92,1.57,54.13,79.82,57.91,47.45,60.58,43.55,37.67,41.78,54.12,164.12,92.47,124.19,61.85,150.89,214.36,20.51
Exeter,E07000041,0.87,139.26,694.52,85.52,80.7,498.18,331.83,133.67,33.85,2.47,43.77,107.51,53.15,39.48,40.38,41.83,32.61,27.06,43.96,115.36,69.61,97.39,40.67,213.57,295.4,19.75
Fareham,E07000087,2.31,154.68,599.92,122.82,122.57,546.18,330.29,106.11,16.44,0.97,69.3,100.86,79.27,53.13,48.34,39.27,30.48,22.5,31.8,115.67,81.88,121.84,54.95,160.88,278.66,21.26
Fenland,E07000010,2.02,161.39,610.21,121.8,106.59,416.7,373.63,168.82,38.61,2.24,48.92,50.79,49.69,39.76,59.71,47.53,32.4,64.01,59.21,213.64,106.84,130.26,55.94,135.1,157.64,28.54
Folkestone and Hythe,E07000112,3.32,155.51,594.59,133.85,116.05,444.22,354.63,158.16,39.7,3.29,56.01,68.71,62.46,38.96,50.41,50.45,33.66,28.29,37.62,161.77,96.96,123.9,52.76,143.89,228.39,26.49
Forest of Dean,E07000080,1.29,150.29,599.04,135.86,114.81,480.91,348.26,139.94,29.58,1.32,58.77,71.02,55.4,43.11,66.33,48.7,28.57,36.44,42.32,154.33,87.9,131.32,54.27,147.82,241.63,22.31
Fylde,E07000119,3.12,138.95,582.79,142.21,136.05,508.14,339.17,123.6,27.39,1.7,63.66,93.63,59.58,44.04,42.68,40.06,28.02,23.84,32.32,136.62,78.72,118.04,53.91,148.14,293.32,22.23
Gateshead,E08000037,2.27,164.95,632.28,108.89,93.88,448.06,334.08,166.86,49.17,1.83,42.9,83.43,55.2,44.99,43.36,43.3,41.41,35.08,45.8,178.31,81.68,113.59,59.29,139.87,230.67,21.2
Gedling,E07000173,2.47,166.55,617.8,115.39,100.25,507.28,329.26,133.95,28.36,1.14,59.62,98.95,64.72,47.39,52.82,43.07,35.03,28.43,39.87,144.99,79.63,113.65,50.87,150.61,262.04,20.8
Gloucester,E07000081,1.84,180.94,652.02,88.07,78.96,489.38,337.43,135.62,34.8,2.78,46.91,80.83,59.38,53.59,53.86,55.04,38.31,41.62,51.44,147.06,93.16,123.34,49.36,150.77,221.23,22.67
Gosport,E07000088,1.9,168.93,617.38,114.25,99.44,459.97,356.68,147.68,33.63,2.04,49.62,63.69,69.82,48.78,57.71,55.03,35.69,31.37,47.83,142.7,103.76,130.12,54.85,162.55,203.14,22.98
Gravesham,E07000109,2.76,195.46,632.28,90.82,81.43,451.42,353.18,153.03,38.97,3.41,55.86,72.75,56.63,47.95,51.88,41.78,32.92,40.35,55.09,160.77,94.35,120.17,46.34,130.61,211.15,27.58
Great Yarmouth,E07000145,2.08,160.34,599.68,128.05,111.92,381.53,367.64,191.4,55.47,3.95,40.28,48.73,40.88,37.12,52.01,52.32,35.36,42.58,54.49,219.81,107.71,129.68,59.86,132.42,151.29,28.5
Greenwich,E09000011,1.66,193.78,701.66,59.85,44.72,482.43,321.07,145.56,47.19,3.75,64.38,122.25,71.32,38.86,36.44,42.55,28.11,24.13,48.8,132.56,63.48,82.15,27.46,104.31,362.98,21.85
Guildford,E07000209,1.53,158.46,666.4,90.69,84.44,577.17,306.72,95.27,19.26,1.58,84.07,124.51,75.22,39.69,39.02,35.45,22.49,15.82,27.61,94.26,60.19,94.17,32.62,163.97,366.31,19.37
Hackney,E09000012,1.84,180.26,740.62,48.14,30.99,449.52,325.09,159.98,59.7,5.7,71.38,151.67,104.41,35.76,24.54,35.42,25.31,17.01,38.58,135.22,49.32,67.33,19.05,93.27,423.41,20.69
Halton,E06000006,2.13,178.31,635.2,111.75,74.74,432.23,334.8,175.93,55.19,1.84,45.51,67.45,55.87,45.02,43.58,42.18,44.44,45.47,56.37,170.18,96.03,135.45,44.51,148.33,193.62,20.95
Hammersmith and Fulham,E09000013,1.53,146.9,749.44,58.51,45.15,513.86,310.71,129.92,40.85,4.66,99.29,155.61,98.58,36.58,24.13,35.06,24.68,14.34,30.53,100.09,43.09,62.17,19.29,110.1,486.16,23.33
Harborough,E07000131,1.55,163.81,615.98,117.07,103.14,578.77,308.62,96.45,15.47,0.7,89.88,110.22,70.83,45.35,51.23,34.84,26.83,23.98,35.54,112.03,74.08,115.22,49.5,142.38,311.26,19.38
Haringey,E09000014,1.79,171.24,723.88,60.43,44.44,433.17,338.55,167.75,54.76,5.78,64.3,125.25,80.91,33.71,41.57,36.92,27.52,22.25,59.1,151.08,55.75,69.6,25.66,95.59,394.6,25.14
Harlow,E07000073,2.01,205.22,648.9,79.63,66.24,429.31,353.89,167.74,44.09,4.96,51.11,72.87,54.87,52.47,57.42,49.77,35.63,45.48,60.71,164.62,105.03,124.49,44.15,129.99,191.41,23.59
Harrow,E09000015,2.47,184.96,661.21,81.97,71.86,487.28,345.29,134,30.82,2.6,66.27,118.7,54.26,45.12,45.59,30.96,31.24,28.84,41.73,139.56,65.66,83.68,25.48,101.16,361.09,25.9
Hart,E07000089,1.51,179.5,623.59,99.68,97.23,606.84,297.74,81.67,13.16,0.57,95.35,117.46,86.94,47.42,45.34,35.99,24.66,17.48,26.25,87.94,71.08,113.77,38.23,144.05,334.15,18.83
Hartlepool,E06000001,2.71,178.52,624.02,111.88,85.58,421.75,335.58,184.95,55.65,2.08,36.14,62.5,48.06,36.27,50.67,46.23,36.43,38.86,43.87,187.21,76.63,118.73,56.37,149.19,200.63,20.08
Hastings,E07000062,2.64,167.88,629.71,113.57,88.85,420.45,350.38,173.07,51.32,4.77,48.49,73.35,59.64,41.62,55.17,59.11,34.92,27.88,40.23,165.27,92.17,123.7,41.92,140.31,234.7,22.88
Havant,E07000090,2.38,161.14,595.58,123.97,119.31,455.36,353.55,149.66,37.69,3.75,54.92,73.42,55.29,42.05,60.78,47.92,34.3,32.03,42.17,164.98,93.74,126.54,53.08,147.18,219.48,23.15
Havering,E09000016,3.22,188.2,635.84,91.56,84.4,472.99,345.25,146.72,32.95,2.1,58.45,91.69,62.91,62.78,54.14,37.55,28.59,30.17,38.65,160.07,89.5,119.17,41.13,130.22,236.29,23.96
"Herefordshire, County of, County of",E06000019,1.57,149.85,590.99,136.31,122.85,494.31,346.39,129.92,27.58,1.8,63.82,74.95,52.53,42.17,68.43,45.07,31.11,36.79,49.08,151.39,80.1,118.61,49.5,142.08,274.92,23.53
Hertsmere,E07000098,2.95,187.74,634.77,91.27,86.23,518.75,331.45,121.15,26.88,1.78,84.72,112.43,68.17,51.45,42.01,37.99,25.33,23.48,32.14,127.78,73.46,105.69,35.47,118.16,316.56,22.22
High Peak,E07000037,2.62,157.15,624.67,121.99,96.18,520.5,327.58,123.23,27.55,1.15,64.38,96.63,60.88,40.16,56.85,47.83,32.02,39.25,43.02,124.35,77.68,114.51,50.35,151.23,296.07,17.89
Hillingdon,E09000017,2.31,197.26,668.14,72.28,62.32,459,349.79,150.58,37.63,2.99,60.04,96.73,57.62,45.86,42.35,37.17,31.57,34.37,46.39,143.53,78.04,93.21,33.66,117.15,296.38,28.73
Hinckley and Bosworth,E07000132,1.82,162.71,613.69,121.23,102.38,514.13,336.88,123.65,24.27,1.07,68.03,88.87,65.74,50.1,55.54,41.23,30.45,35.39,47.23,151.42,88.23,119.54,54.52,148.72,243.14,20.9
Horsham,E07000227,1.53,166.07,606.07,117.38,110.47,567.13,317.49,96.79,17.17,1.41,86.24,103.28,77.4,46.26,47.93,41.92,28.3,20.25,30.79,102.71,77.75,128.09,39.77,149.05,303.96,20.76
Hounslow,E09000018,1.97,194.27,687.92,67.56,50.25,441,352.27,160.14,42.51,4.08,61.47,94.57,59.86,41,41.35,37.45,35.09,34.18,61.64,147.93,75.21,81.16,28.07,97.32,329.92,33.92
Huntingdonshire,E07000011,1.38,169.53,628.41,109.58,92.47,535.96,329.33,111.55,22.1,1.07,72.74,101.13,74.02,51.65,49.95,40.37,30.7,35.14,39.51,128.26,87.32,119.49,45.47,143.89,274.25,21.2
Hyndburn,E07000120,2.57,188.96,628.59,100.77,81.68,424.43,340.53,175.11,57.05,2.87,40.31,59.68,47.23,39.34,56.24,51.12,36.61,46.47,44.49,181.8,83.23,113.34,58.1,140.16,200.8,20.62
Ipswich,E07000202,2.28,187.42,647.79,87.82,76.97,451.96,346.26,156.82,42.33,2.62,43.12,80.1,55.82,44.26,48.32,49.31,41.72,44.99,59.17,173.67,96.22,115.29,50.24,130.63,209.79,25.01
Isle of Wight,E06000046,1.82,138.57,569.39,154.37,137.66,441.05,362.43,155.46,38.05,3.01,51.37,63.43,46.5,34.29,57.06,52.92,34.66,25.37,38.94,157.08,95.08,124.6,63.55,152.67,233.4,25.01
Isles of Scilly,E06000053,0,149.88,567.88,134.79,147.45,507.54,357.66,112.41,22.38,0,92.94,67.64,60.34,36.01,92.46,71.53,40.39,31.63,43.8,103.65,57.91,132.36,42.82,165.94,318.73,20.44
Islington,E09000019,1.5,143.79,762.39,54.61,39.22,483.51,304.71,151.06,56.06,4.66,79.76,177.35,102.67,32.94,22.26,29.12,22.71,15.71,30.71,116.61,47.43,60.7,19.45,103.13,480.06,20.44
Kensington and Chelsea,E09000020,1.75,132.65,723.66,78.98,64.7,525.9,302.69,121.42,43.63,6.37,128.06,130.64,83.92,27.92,15.2,33.95,20.48,11.52,21.23,97.44,37.98,61.4,16.59,107.68,510.73,26.69
King's Lynn and West Norfolk,E07000146,2.52,154.76,586.46,133.44,125.33,439.67,367.78,156,34.54,2.02,53.63,61.28,48.22,39.48,62.39,48.13,32.04,44.35,51.5,195.28,101.05,126.38,53.3,137.19,194.63,27.37
"Kingston upon Hull, City of",E06000010,2.29,187.38,659.73,88.39,64.5,411.84,340.99,188.69,55.87,2.61,30.55,53.15,43.74,34.56,58.58,47.11,40.9,53.96,64.6,202.27,90.49,112.89,55.02,140.14,174.19,26.01
Kingston upon Thames,E09000021,1.81,182.42,672.86,79.3,65.43,558.3,308.93,107.35,23.65,1.77,86.66,140.5,76.36,41.65,33.77,33.01,26.91,16.47,28.64,95.97,52.03,79.25,25.73,117.61,414.03,21.44
Kirklees,E08000034,2.01,187.9,634.79,98.01,79.3,466.29,334.81,151.98,44.28,2.64,52.42,79.32,55.69,38.89,47.86,39.49,32.64,38.7,40.49,165.81,77.97,106.44,49.99,138.93,238.99,21.19
Knowsley,E08000011,2.56,183.71,646.46,97.8,72.03,407.91,323.49,192.03,73.49,3.07,38.64,67.46,50.41,48.85,47.01,52.55,39.7,42.94,51.58,210.98,85.45,115.83,44.12,138.57,191.42,18.07
Lambeth,E09000022,1.64,143.84,770.35,49.85,35.96,500.16,317.22,138.28,40.83,3.51,80.2,170.63,106.88,38.59,29.26,39.12,25.13,18.95,50.9,110.77,51.16,66.19,21.95,100.53,476.35,19.72
Lancaster,E07000121,1.99,152.22,642.47,109.68,95.63,483.94,338.69,139.77,35.55,2.06,45.51,84.1,50.15,33.79,50.86,49.74,30.08,30.85,40.68,132.13,72.11,104.93,47.51,189.32,270.51,20.55
Leeds,E08000035,1.89,178.05,665.82,83.75,72.38,483.09,328.99,143.74,41.36,2.82,50.75,102.38,62.1,43.01,39.33,40.12,31.72,27.37,44.07,147.3,74.13,97.53,42.31,148.76,281.25,19.7
Leicester,E06000016,2.2,197.34,684.64,68.55,49.48,387.77,358.23,189.14,59.85,5.02,29.37,63.08,35.45,32.33,32.21,38.98,34.37,59.37,72.43,210.79,84.52,92.12,29.91,127.14,211.36,33.73
Lewes,E07000063,2.66,156.14,578.98,134.05,130.83,479.17,350.3,136.81,31.29,2.42,65.47,87.09,64.51,38.9,52.53,44.02,27.62,23,32.9,133.84,85.06,118.51,45.01,138.07,290.04,22.45
Lewisham,E09000023,1.83,182.59,722.1,53.54,41.76,472.11,324.87,151.61,47.02,4.38,66.4,137.13,88.9,38.5,34.1,41.4,29.22,20.58,44.6,117.94,59.02,77.94,24.16,104.93,401.98,20.59
Lichfield,E07000194,2.64,156.69,603.45,123.21,116.65,520.08,328.03,126.28,24.31,1.32,79.19,97.81,62.1,44.37,50.21,34.42,28.29,27.82,40.27,141.97,83.9,117.32,44.56,143.2,279.88,21.57
Lincoln,E07000138,1.58,152.05,703.41,78.23,66.31,451.53,344.61,157.11,43.88,2.87,35.46,67.72,47.56,34.5,44.02,47.67,37.49,45.83,59.3,145.79,81.5,107.4,46.67,214.36,221,21.97
Liverpool,E08000012,2.63,161.17,685.93,87.26,65.64,415.75,326.57,185.1,69.33,3.24,35.73,84.41,48.82,42.58,32.92,41.45,33.14,30.79,49.6,185.25,71.91,94.92,36.26,166.45,255.41,18.93
Luton,E06000032,2.26,219.46,663.5,62.84,54.2,413.1,364.36,171.27,47.28,3.99,37.08,67.42,42.89,35.91,42.18,42.39,30.35,49.35,67.7,175.25,87.23,97.41,37.06,110.24,228.83,30.63
Maidstone,E07000110,2.26,180.13,629.15,101.46,89.26,515.44,333.74,121.43,27.2,2.19,72.17,89.33,68.15,48.57,53.16,39.46,30.79,33.29,47.1,141,88.23,123.48,48.62,141.69,241.95,23.6
Maldon,E07000074,2.1,152.4,597.6,133.9,116.1,496.13,347.24,128.56,27.02,1.04,78.16,74.89,61.91,52.92,63.29,35.58,30.49,29.69,36.79,161.22,101.86,134.73,54.37,147.99,212.66,24.35
Malvern Hills,E07000235,1.64,143.98,576.15,143.64,136.24,526.73,333.64,117.73,20.95,0.94,74.69,96.49,54.76,40.81,55.43,38.21,26.52,23.04,32.29,123.02,72.73,118,46.41,135.63,327.37,21.27
Manchester,E08000003,1.65,194.38,711.11,54.9,39.62,435.59,328.43,172.02,60.46,3.5,36.23,97.56,54.81,32.66,27.66,39.01,33.01,26.5,51.09,156.01,63.39,81.83,27.76,144.26,298.52,21.72
Mansfield,E07000174,2.67,172.96,634.22,105.2,87.62,424.95,346.49,175.79,50.6,2.19,44.79,59.02,48.9,38.98,56.54,51.26,36.73,45.56,72.97,198.32,95.42,119.62,53.39,143.49,180.14,25.79
Medway,E06000035,2.61,191.81,643.57,92.7,71.92,464.82,344.61,148.24,38.81,3.51,52.59,77.57,61.06,49.03,56.35,44.11,33.42,39.16,49.32,154.26,96.14,126.62,48.7,143,203.74,23.74
Melton,E07000133,1.76,159.03,606.01,128.94,106.02,530.55,337.51,111.38,19.42,1.1,74.88,80.13,59.34,43.94,62.03,44.66,29.6,41.16,46.38,135.92,82.95,121.79,55.9,152.81,257.94,22.53
Merton,E09000024,2,185.89,688.31,69.63,56.17,539.06,313.18,117.85,27.85,2.05,81.57,134.95,74.63,41.46,41.79,38.44,29.51,23.64,41.55,114.36,57.48,76.72,26.73,101.24,401.57,24.79
Mid Devon,E07000042,0.83,164.72,595.25,127.93,112.1,491.16,350.79,130.43,26.29,1.32,63.92,77.63,52.88,42.91,72.45,46.09,35.04,39.14,46.37,140.18,84.1,127.31,49.75,148,252.59,21.27
Mid Suffolk,E07000203,1.72,148.76,598.3,136.64,116.29,521.71,340.95,116.03,20.39,0.93,71.82,86.44,65.31,47.69,63.25,40.93,29.14,32.88,40.1,147.86,89.08,124.48,52.05,152.56,252.36,22
Mid Sussex,E07000228,2.09,179.86,613.73,105.56,100.85,573,313.1,95.95,16.86,1.09,85.98,114.2,77.85,46.91,44.77,44.02,27.21,19.5,31.46,94.76,75.36,121.33,37.81,145.88,312.58,20.55
Middlesbrough,E06000002,2.54,195.85,636.15,94.99,73.01,421.61,338.42,179.48,58.36,2.13,30.33,60.78,41.49,33.02,40.47,48.78,33.32,37.89,48.08,189.56,77.96,106.1,48.91,138.79,209.32,21
Milton Keynes,E06000042,1.75,204.18,657.92,81.52,56.38,512.51,325.17,127.69,32.3,2.33,63.36,105.09,68.47,47.24,37.82,36.26,35.46,31.8,58.21,123.94,85.08,111.51,36.5,123.22,280.58,22.39
Mole Valley,E07000210,2.74,160.28,602.12,118.24,119.36,567.11,309.9,99.3,21.38,2.31,95.03,115.28,72.37,46.03,47.29,38.11,22.04,14.41,24.81,101.86,71.36,112.8,36.72,127.96,357.2,19.91
New Forest,E07000091,1.72,143.77,562.43,146.18,147.62,514.49,342.88,119.45,21.54,1.64,68.03,78.8,55.9,43.58,56.24,45.55,28.03,25.41,36.36,136.25,86.9,125.16,59.14,150.01,263.85,24.86
Newark and Sherwood,E07000175,1.81,159.92,615.06,121.29,103.73,491.29,334.55,139.64,32.69,1.84,63.27,72.87,56.67,39.55,53.27,45.68,32.36,38.86,52.09,158.17,86.02,121.29,51.73,149.67,240.56,21.85
Newcastle upon Tyne,E08000021,1.64,162.46,689.22,81.51,66.81,462.29,327.12,158.13,50.08,2.39,37.43,98.47,47.35,34.92,32.79,35.36,33.73,25.36,40.34,154.04,65.74,86.27,39.79,175.82,286.76,19.41
Newcastle-under-Lyme,E07000195,2.84,152.56,630.58,114.53,102.33,467.64,341.11,153.3,36.45,1.5,48.55,80.74,52.97,41.57,53.11,44.4,34.22,35.43,52.08,167.8,81.03,113.97,55.82,163.83,234.7,19.71
Newham,E09000025,2.12,200.76,727.55,43.86,27.83,393.04,357.52,183.8,61.3,4.34,43.1,90.95,53.7,34.17,45.6,37.25,35.47,32.32,67.87,162.81,71.02,80,24.55,101.94,316.58,29.85
North Devon,E07000043,0.56,155.76,586.11,134.08,124.04,479.32,350.11,139.13,29.36,2.08,58.1,69.38,50.67,36.45,72.04,48.2,32.71,32.62,48.97,148.02,92.27,129.22,56.35,148.1,237.88,21.67
North East Derbyshire,E07000038,2.67,153.94,597.72,130.55,117.79,469.98,342.96,150.39,35.22,1.43,58.91,78.04,53.17,44.75,56.66,44.41,34.01,34.32,43.34,167.31,89.22,121.21,57.11,150.27,230.46,20.41
North East Lincolnshire,E06000012,1.61,175.47,615.34,112.16,97.03,439.68,345.86,166.39,46.14,1.93,38.36,53.37,45.71,36.86,51.12,45.23,33.96,65.05,57.9,196.9,98.94,130.68,52.96,133.05,175.43,24.44
North Hertfordshire,E07000099,2.24,179.98,626.11,99.78,94.13,550.5,315.48,110.33,22.23,1.46,80.87,127.57,76.8,43.69,43.48,36.28,27.66,24.53,32.85,109.99,74.97,107.78,36.28,124.95,335.86,18.96
North Kesteven,E07000139,1.65,159.09,607.07,121.03,112.81,522.68,336.5,119.28,20.83,0.7,64.7,83.69,71.93,50.72,54.97,45.61,29.43,32.61,37.95,134.55,82.5,123.4,53.73,166.52,247.96,21.45
North Lincolnshire,E06000013,1.64,166.25,614.06,119.35,100.35,460.98,350.36,152.39,35.05,1.21,48.44,60.19,47.85,36.95,53.72,41.29,32.98,58.96,57.84,179.55,96.02,124.37,58.47,141.17,196.61,25.74
North Norfolk,E07000147,1.8,125.28,539.71,172.79,162.23,444.04,376.5,148.55,29.21,1.7,55.37,51.15,40.71,32.89,66.32,47.45,33.68,26.69,44.02,178.02,100.38,131.81,61.18,140.09,227.14,27.06
North Northamptonshire,E06000061,1.85,183.3,634.91,101.27,80.52,488.44,340.17,136.69,33.02,1.67,60.22,73.93,56.08,46.06,53.62,42.61,33.86,48.61,70.9,160.44,95.69,123.57,50.62,134.27,214.95,24.81
North Somerset,E06000024,1.54,164.9,595.76,122.16,117.18,515.12,334.76,121.02,27.1,2.01,67.24,93.13,61.8,46.2,47.65,45.2,30.8,30.66,39.22,122.8,79.45,122.19,49.22,149.39,279.1,21.76
North Tyneside,E08000022,2.06,167.89,626.83,114.72,90.56,494.37,324.88,142.67,36.85,1.23,47.34,103.27,63.09,50.85,41.36,41.01,42.23,27.7,38.89,143.41,76.69,116.29,56.34,138.63,269.78,19.63
North Warwickshire,E07000218,2.31,161.04,619.51,118.38,101.07,472.51,349.3,144.74,32.17,1.28,65.03,73.31,59.78,50.74,57.37,40.73,32.24,42.79,56.89,183.81,95.59,127.09,50.45,145.8,205.84,20.17
North West Leicestershire,E07000134,2.02,166.01,633.4,111.88,88.71,515.38,331.53,126.12,25.82,1.16,69.51,84.65,64.59,45.68,56.49,41.01,32.51,42.41,49.66,151.03,81.85,115.88,53.16,154.46,246.58,19.98
North Yorkshire,E06000065,1.66,150.51,599.56,133.53,116.4,533.18,329.72,113.51,22.38,1.2,72.38,84.09,61.81,40.47,62.12,42.17,31.26,29.4,43.41,134.84,77.37,117.59,55.08,142.7,290.74,20.33
Northumberland,E06000057,2.18,150.77,594.84,142.12,112.27,485.16,339.67,139.6,34.27,1.3,54.12,76.48,52.46,41.48,52.47,47.08,35.5,30.87,40.54,150.27,81.27,121.26,58.1,148.77,257.83,21.16
Norwich,E07000148,1.39,151.97,698.58,79.68,69.77,449.62,343.91,155.99,47.35,3.13,38.74,98.28,54.8,34.48,40.34,43.61,36.79,30.77,53.33,143.25,77.45,100.42,36,174.89,286.28,20.79
Nottingham,E06000018,1.97,172.65,710.04,63.92,53.39,415.9,344.27,180.66,56.24,2.94,31.06,71.76,41.52,29.67,32.3,40.52,30.45,33.68,57.77,159.3,71.37,92.22,33.48,204.67,233.82,21.89
Nuneaton and Bedworth,E07000219,2.04,179.53,629.72,103.07,87.68,450.52,346,159.52,41.3,2.65,46.3,73.64,55.06,46.31,48.85,45.11,34.55,44.92,64.88,183.08,96.22,121.19,50.27,137.41,198.05,22.96
Oadby and Wigston,E07000135,2.79,170.55,616.4,104.56,108.49,491.23,346.18,136.68,24.28,1.63,51.67,99.61,55.21,47.33,42.01,40.9,33.01,30.69,38.89,151.89,79.33,104.51,46.62,151.19,261.88,22.11
Oldham,E08000004,2.59,212.81,627.69,88.64,70.86,409.4,346.53,181.67,59.27,3.14,39.5,61.15,46.03,38.73,45.6,42.06,32.38,38.2,50.74,190.87,85.39,107.49,49.32,127.35,190.11,22.07
Oxford,E07000178,1.08,145.88,737.05,62.26,54.81,521.95,321.89,121.53,31.99,2.64,40.55,152.59,49.58,27.62,27.79,33.15,20.75,22.46,43.85,106.17,51.46,64.11,23.44,173.58,405.44,19.52
Pendle,E07000122,2.72,201.25,618.65,101.86,78.24,425.06,350.26,169.44,52.52,2.74,42.29,58.53,41.94,32.45,55.47,41.3,35.45,47.2,47.85,194.65,83.61,101.72,50.67,130.76,199.31,24.84
Peterborough,E06000031,1.47,210.48,647.69,77.63,64.2,450.5,349.14,154.99,42.33,3.04,45.93,72.6,51.77,41.69,41.01,40.85,37.55,51.18,74.8,173.74,95.82,112.16,43.06,119.29,203.81,29.1
Plymouth,E06000026,0.78,163.83,651.17,98.45,86.55,454.8,339.55,159.12,44.07,2.46,40.71,74.28,57.58,42.31,57.69,49.49,36.67,33.34,46.06,143.16,80.8,116.08,59.83,178.93,227.26,19.88
Portsmouth,E06000044,1.71,168.56,683.41,79.55,68.47,471.92,334.3,149.61,40.9,3.26,46.61,84.88,56.74,41.93,50.56,47.71,33.22,33.93,49.52,143.1,79.01,107.71,43.72,179.31,246.1,22.3
Preston,E07000123,2.1,185.29,667.23,80.36,67.11,466.14,336.07,149.83,45.3,2.67,41.04,83.84,49.83,43.9,40.14,42.36,34.13,36.88,51.77,156.11,75.37,103.11,43.37,146.55,254.61,23.59
Reading,E06000038,1.53,177.77,701.83,63.98,56.43,512.45,321.68,128.27,34.72,2.88,53.26,128.01,66.94,39.18,39.41,43.61,33.47,28.7,57.14,128.35,74.23,86.5,33.59,136.23,328.02,24.47
Redbridge,E09000026,2.63,207.41,670.33,67.39,54.87,462.76,349.56,147.71,37.3,2.67,59.28,109.21,54.28,45.23,40.37,29.71,30.6,28.83,41.91,135.2,67.29,87.55,24.36,106.6,331,28.04
Redcar and Cleveland,E06000003,2.31,166.12,601.36,125.77,106.75,441.15,341.73,167.22,48.17,1.72,34.94,60.94,47.68,36,49.36,52.43,32.67,38.86,44.7,181.14,80.44,114.72,63.66,156.01,205.1,21.75
Redditch,E07000236,1.98,181.15,633.21,109.01,76.63,468.88,343.91,147.75,36.78,2.67,54,76.01,57.17,46.99,57.65,42.91,37.8,53.27,54.5,167.8,93.84,126.68,47.32,139.11,208.67,23.7
Reigate and Banstead,E07000211,2.65,191.86,631.03,91.98,85.13,570.57,308.34,98.9,20.55,1.64,85.96,121.73,74.77,48.4,42.39,42.94,24.62,19.34,27.98,104.51,72.9,113.01,34.76,130.15,320.45,20.59
Ribble Valley,E07000124,2.36,151.92,606.87,126.82,114.38,585.97,304.93,91.78,16.29,1.01,82.91,109.96,63.91,42.76,60.59,39.31,24.25,26.84,31.68,110.5,65.94,109.59,56.4,143.98,332.3,17.28
Richmond upon Thames,E09000027,1.51,190.2,648.75,87.5,73.55,610.38,280.58,86.64,20.79,1.61,117.43,154.36,88.4,34.93,22.59,26.39,17.48,10.95,17.66,72.53,39.84,71.84,19.17,96.43,481.82,16.39
Rochdale,E08000005,2.68,204.86,630.39,94.69,70.06,426.51,340.53,173.14,56.35,3.47,43.28,67.12,48.42,40.5,44.24,44.16,32.35,38.39,52.61,181.65,82.29,109.75,47.21,131.68,206.63,22.59
Rochford,E07000075,3.13,163.6,602.93,120.16,113.31,494.11,348.54,134.4,21.52,1.44,68.77,85.35,69.7,62.28,54.9,37.68,28.5,27.05,31.26,158.25,106.05,144.27,51.83,152.89,187.89,24.28
Rossendale,E07000125,2.34,179.4,627.94,111.24,81.42,479.89,329.54,147.11,41.55,1.9,60.57,87.71,60.7,38.49,55.74,47.73,34.02,34.25,37.65,150.58,76.66,114.93,51.52,149.02,247.84,17.93
Rother,E07000064,3.75,136.63,539.1,163.1,161.17,457.25,367.56,145.17,28.31,1.71,62.76,68.98,50.29,39.84,56.37,45.3,26.92,19.46,30.1,161.17,94.53,125.52,50.78,139.99,255.02,26.67
Rotherham,E08000018,2.8,177.44,626.07,106.25,90.24,435.84,339.4,174.34,48.45,1.97,44.74,66.82,48.57,41.4,55.48,45.21,39.36,42.47,49.56,190.1,92.34,126.46,54.17,138.74,187.38,21.83
Rugby,E07000220,1.51,181.05,637.02,92.12,89.81,533.78,330.51,111.26,23.52,0.94,65.72,102.21,63.07,45.3,42.92,34.71,29.46,38.75,73.18,126.36,78.47,112.96,51.35,132.55,281.33,23.08
Runnymede,E07000212,1.76,163.81,664.06,86.08,86.05,533.99,324.53,117.86,22.18,1.43,79.72,102.09,69.98,46.3,44.98,39.46,25.06,20.73,31.86,119.53,74.29,103.66,38.6,176.08,291.14,22.3
Rushcliffe,E07000176,1.7,168.26,615.55,111.86,104.34,583.85,305.34,95.26,15.12,0.42,83.2,141.38,69.46,40.8,35.45,29.11,23.23,16.41,26.9,98.48,58.15,98.46,36.76,139.81,371.4,17.58
Rushmoor,E07000092,2.2,178.9,669.44,82.93,68.73,510.92,327.93,128.18,30.84,2.14,60.03,92.15,80.47,50.19,54.19,58.37,36.61,31.01,57.16,148.39,96.05,115.51,45.26,138.84,241.74,24.89
Rutland,E06000017,1.58,149.93,597.1,129.9,123.08,579.56,316.52,91.58,11.86,0.49,83.34,86.1,73.35,38.35,45.9,37.44,23.75,24.65,35.81,109.41,71.94,128.58,47.17,142.15,317,19.37
Salford,E08000006,2.29,185.35,681.57,72.81,60.27,464.38,322.89,158.35,51.8,2.58,49.88,94.93,66.12,47.63,37.98,41.44,36.29,28.39,50.66,158.67,74.2,100.89,43.3,136.75,269.26,20.6
Sandwell,E08000028,2.82,207.99,646.6,77.56,67.84,379.2,353.61,201.5,62.66,3.03,32.31,55.55,41.53,38.83,44.64,41.54,34.35,49.94,60.83,224.79,89.48,105.83,37.32,115.45,176.45,28.93
Sefton,E08000014,2.8,157.12,610.95,119.56,112.37,452.32,340.04,161.02,44.39,2.23,49.97,82.06,55.03,52.19,42.97,47.35,34.95,30.74,39.48,164.34,85.54,117.21,49.45,145.33,248.88,21.51
Sevenoaks,E07000111,2.28,185.62,599.23,110.7,104.45,546.73,317.45,110.16,24.34,1.33,88.31,101.96,67.58,47.7,48.4,32.98,24.45,20.35,28.45,125.19,77.01,116.67,38.51,125.31,299.33,19.58
Sheffield,E08000019,2.16,169.35,660.28,88.79,81.59,453.71,340,157.91,45.62,2.75,40.35,98.3,50.76,37.51,41.76,38.71,33.45,28.41,43.98,158.89,74.49,96.29,44.68,152.22,273.47,19.79
Shropshire,E06000051,1.67,148.07,598.26,132.15,121.51,507.75,340.37,124.37,26.49,1.03,65.27,82.21,56.73,40.55,64.6,45.64,31.08,31.21,43.96,140.83,80.82,126.39,51.19,146.53,273.49,22.05
Slough,E06000039,1.97,235.24,668.11,56.4,40.25,423.17,365.79,164.11,43.74,3.21,45.58,86.21,50.04,41.43,38.73,41.14,34.71,47.51,65.64,151.21,80.53,90.45,31.57,102.09,261.34,33.19
Solihull,E08000029,2.54,180.67,608.45,106.44,104.44,507.11,323.14,135.32,32.58,1.85,68.98,109.32,59.31,48.02,38.12,33.52,27.16,25.43,33.97,141.7,76.87,114.18,37.32,130.72,286.01,20.19
Somerset,E06000066,1.26,157.85,593.89,130.75,117.52,499.9,343.94,127.81,27.04,1.32,59.42,76.01,55.06,40.58,63.62,50.06,32.1,35.83,47.99,141.85,84.86,127.15,53.92,146.59,253.53,23.07
South Cambridgeshire,E07000012,1.12,183.75,620.07,102.31,93.86,584.11,308.9,90.71,15.75,0.54,78.75,159.1,68.36,42.41,43.12,35.36,21.48,19.09,29.9,95.05,62.27,93.85,37.31,113.81,384.75,17.08
South Derbyshire,E07000039,2.22,176.15,637.88,105.02,80.95,542.58,316.16,117.11,23.37,0.77,71.2,95.28,63.42,46.25,52.97,42.46,31.09,43.23,46.1,129.86,80.18,119.8,50.74,152.65,258.09,19.78
South Gloucestershire,E06000025,1.34,172.07,641.32,94.92,91.68,539.38,327.16,111.45,20.78,1.23,61.42,106.71,65.91,59,54.89,40.9,32.27,30.03,42.6,116.35,82.62,116.93,52.14,159.9,269.38,19.98
South Hams,E07000044,0.51,143.64,573.37,152.32,130.67,529.88,335.07,112.65,21.1,1.3,75.77,92.69,57.21,36.32,68.58,36.1,28.42,19.32,34.1,109.73,71.41,114.2,49.61,143.09,337.12,20.74
South Holland,E07000140,1.86,158.39,603,124.5,114.11,440.43,373.56,155.35,29.31,1.36,54.41,51.79,43.33,42.56,62.46,42.41,32.16,72.74,65.52,203.94,103.49,130.61,58.88,133.25,166.8,33.51
South Kesteven,E07000141,1.89,165.53,603.52,123.41,107.54,516.95,337.01,122.1,22.99,0.96,68.56,81.75,60.65,43.83,53.91,43.1,32.16,35.91,46.71,139.21,86.69,125.15,53.74,148.09,247.93,22.13
South Norfolk,E07000149,1.53,163.25,593.62,126,117.13,516.73,345.84,115.89,20.54,0.99,66.18,100.54,61.49,44.92,57.34,42.56,29.84,28.74,36.34,140.87,83.24,123.71,49.63,142.97,264.57,20.79
South Oxfordshire,E07000179,1.37,173.48,621.41,103.99,101.11,586.61,309.09,88.02,15.55,0.73,90.15,125.13,75.68,45.06,50.09,36.52,24.53,22.05,34.78,101.35,69.42,103.38,39.15,128.15,355.18,18.31
South Ribble,E07000126,2.03,164.95,618.61,117.6,98.84,524.01,330.18,120.84,23.83,1.13,58.82,96.81,67.35,53.77,54.61,43.63,33.93,33.88,37.69,129.29,79.09,116.05,60.14,156.91,263.3,19.27
South Staffordshire,E07000196,2.27,144.97,603.89,128.45,122.69,502.87,336.4,133.86,26.11,0.76,70.27,88.15,59.44,49.95,56.95,35.65,28.13,27.24,34.43,163.04,86.13,122.29,53.62,148.67,248.46,22.99
South Tyneside,E08000023,3.03,168.65,622.67,116.05,92.63,433.26,341.24,175.3,48.66,1.54,37.56,68.21,51.93,45.46,46.95,44.76,39.15,37.83,41.83,168.15,83.39,117.7,65.68,150.67,214.56,20.63
Southampton,E06000045,1.37,169.07,693.34,74.76,62.83,453.62,342.9,154.76,44.7,4.03,40.52,90.62,54.16,38.75,48.15,47.43,33.54,40.31,57.22,142.14,78.22,103.13,44.58,168.7,259.77,24.49
Southend-on-Sea,E06000033,3.36,178.74,629.99,99.75,91.53,455.82,345.37,152.9,41.83,4.07,59.42,87.23,64.38,50.68,45.14,43.63,32.76,27.78,40.1,159.52,97.37,128.13,41.13,139.97,220.45,23.73
Southwark,E09000028,1.36,157.58,758.94,48.98,34.5,485.46,319.66,145.38,46.37,3.13,74.24,162.48,91.29,36.01,25.43,38.31,24.79,18.83,50.66,115.45,51.53,65.45,21.16,102.63,456.76,19.62
Spelthorne,E07000213,1.98,179.42,640,90.09,90.48,509.1,335.55,125.82,27.39,2.13,72.29,96.82,74.01,58.08,48.83,41.64,30.2,31.19,37.84,136.09,89.66,116.82,42.42,128.47,271.92,24.29
St Albans,E07000240,2.16,202.92,625.02,87.69,84.36,606.41,289.34,84.88,18.38,1,101.77,148.64,76.55,39.32,29.07,28.56,20.13,13.98,23.06,79.52,52.47,89.88,27.02,102.71,415.31,16.59
St. Helens,E08000013,2.74,167.13,627.45,111.85,93.56,441.82,334.14,170.99,51.36,1.69,45.32,75.92,55.31,43.31,46.85,48.6,34.55,39.62,51.15,175.96,85.2,120.49,53.09,142.72,223.21,21.01
Stafford,E07000197,2.34,159.23,610.99,119.33,110.45,529.84,327.04,117.82,23.98,1.32,66.13,100.26,66.11,43.4,46.82,38.49,31.37,28.61,46.93,130.86,78.26,116.51,46.88,144.34,291.23,22.02
Staffordshire Moorlands,E07000198,2.8,146.43,591.5,139.11,122.96,493.25,341.61,137.46,27.13,0.54,61.45,78.55,54.89,40.65,67.74,45.45,29.91,38.76,41.36,169.26,81.8,119.37,59.78,151.19,239.39,22.84
Stevenage,E07000243,1.71,192.61,656.07,80.58,70.74,477.09,336.5,146.51,36.48,3.42,53.75,96.37,66.24,49.3,56.98,49.81,36.45,37.27,48.7,135.35,102.95,121.89,42.86,136.38,235.73,20.84
Stockport,E08000007,2.22,178.3,620.61,105,96.09,512.65,321.52,129.82,33.9,2.11,64.43,115.53,67.75,47.3,39.59,39.95,34.87,23.4,32,125.79,74.06,109.71,47.23,130.82,304.44,18.48
Stockton-on-Tees,E06000004,2.23,184.05,626.81,107.05,82.09,483.51,324.6,150.64,39.69,1.58,45.44,83.78,54.76,42.2,44.7,43.3,34.12,35.33,44.54,149.75,77.95,117.02,53.74,147.53,237.28,20.46
Stoke-on-Trent,E06000021,2.77,191.37,637.31,93.88,77.44,410.94,349.47,182.25,54.96,2.38,33.8,53.56,41.62,35.37,51.66,50.39,38.78,48.08,67.92,206.5,87.37,117.83,54.74,134.22,173.97,22.28
Stratford-on-Avon,E07000221,2,153.55,594.72,127.83,123.9,565.11,317.84,97.91,18.63,0.5,91.5,104.86,67.88,43.16,53.64,34.74,28.84,21.28,36.82,120.47,73.07,112.49,42.04,137.55,329.97,20.47
Stroud,E07000082,1.43,161.48,605.43,125.13,107.96,551.59,322.88,103.57,20.87,1.09,74,103.17,67.21,43.97,60.11,41.82,28.17,29.69,36.65,111.62,74.55,114.6,46.56,141.35,319.94,18.74
Sunderland,E08000024,2.83,164.57,630.21,115.25,89.97,414.68,347.33,181.4,54.39,2.2,37.74,63.83,47.33,45.19,44.19,42.95,45.75,42.17,46.78,188.44,89.47,122.38,59.5,141.08,202.54,21.15
Surrey Heath,E07000214,2.52,172.3,630.81,99.43,97.45,579.23,310.82,91.45,17.39,1.11,92.45,114.15,76.98,49.01,42.69,40.08,26.4,19.87,29.32,106.61,78.23,116.71,36.77,136.83,319.82,20.74
Sutton,E09000029,2.17,197.55,651.04,80.94,70.46,508.72,331,127.06,30.95,2.27,69.24,118.34,66.88,52.81,49.03,41.46,29.53,25.32,33.93,119.83,73.21,102.23,34.73,123.38,314.3,22.51
Swale,E07000113,2.64,183.79,625.59,105.33,85.29,443.2,352.08,157.72,44.22,2.78,56.16,67.24,58.87,44.74,56.19,41.67,30.06,41.01,51.87,176.85,99.11,125.1,50.54,138.63,190.61,23.51
Swindon,E06000030,1.36,186.56,654.62,87.39,71.43,492.91,337.95,134.24,33.04,1.86,53.62,90.15,62.61,48,48.96,42.97,38.33,46.37,63.92,138.94,104.26,129.68,46.9,131.06,223.73,27.24
Tameside,E08000008,2.77,187.13,637.53,98.7,76.64,431.83,342,171.37,51.66,3.13,45.21,68.07,57.2,49.8,52.95,45.74,41.02,41.42,45.75,175,90.06,121.39,55.29,142.15,195.67,21.64
Tamworth,E07000199,2.45,177.74,632.62,108.96,80.68,456.98,345.99,158.85,36.96,1.22,52.95,62.63,55.13,49.97,52.02,40.83,41.4,50.16,67.97,176.73,105.33,136.28,44.44,149.12,177.41,21.79
Tandridge,E07000215,2.39,181.46,609.84,106.6,102.1,559.71,316.43,101.12,21.34,1.4,94.85,103.75,75.06,50.7,46.75,39.46,21.84,18.95,24.65,111.37,75.81,122.07,35.25,139.59,301.74,20.13
Teignbridge,E07000045,0.78,148.12,581.61,142.36,127.91,494.18,349.54,129.7,24.78,1.79,62.14,85.12,55.38,40.47,59.72,48.42,32.65,28.81,38.91,131.73,85.15,124.75,55.04,146.37,275.75,22.88
Telford and Wrekin,E06000020,1.3,186.34,637.33,98.7,77.64,459.94,338.88,158.53,41.01,1.63,49.03,74.89,55.59,40.9,47.38,43.52,33.72,50.17,54.51,159.89,90.18,125.14,44.26,149.64,209.13,23.05
Tendring,E07000076,3.88,148.22,555.93,151.05,144.8,383.37,376.9,189.1,47.01,3.61,48.36,49.77,44.07,37.36,54.03,51.69,31.57,30.28,38.63,221.06,108.96,128.63,57.55,131.12,167.31,27.54
Test Valley,E07000093,1.69,171.25,616.7,110.68,101.37,556.79,319.97,101.87,20.4,0.97,79.29,103.04,70.6,53.26,49.47,39.34,28.58,29.57,41.17,115.31,80.37,117.47,44.49,147.53,291.96,20.94
Tewkesbury,E07000083,1.85,174.67,602.81,116.15,106.37,550.76,324.21,104.49,19.48,1.07,70.35,99.62,66.69,59.5,50.22,39.83,30.72,29.05,35.1,112.94,79.74,121.2,46.71,141.8,292.39,20.42
Thanet,E07000114,3.19,167.88,595.56,126.29,110.27,411.51,361.45,176.14,46.78,4.12,50.15,67.13,52.09,36.15,48.72,54,32.68,28.81,42.12,177.75,94.83,118.4,50.84,137.24,216.06,25.83
Three Rivers,E07000102,2.44,187.16,631.9,94.84,86.1,553.28,314.32,108.12,22.09,2.2,93.33,123.38,72.8,50.31,43.97,35.2,22.5,19.79,29.01,106.88,69.73,104.92,35.52,122.42,341.51,18.89
Thurrock,E06000034,2.54,212.08,652.39,76.89,58.64,456.56,349.43,153.73,37.66,2.62,53.21,70.18,53.91,56.91,54.31,39.15,36.16,48.07,61.72,167.29,94.54,120.74,38.39,125.86,202.97,24.99
Tonbridge and Malling,E07000115,1.85,188.59,619.99,99.64,91.78,539.11,320.13,115.05,24.52,1.17,80.46,98.27,72.1,50.51,50.01,37.58,28.87,25.09,35.47,123.48,84.44,126.18,44.26,139.62,259.7,20.55
Torbay,E06000027,1.07,149.81,583.28,137.99,128.92,421.26,358.86,168.51,47.37,4,51.48,58.64,45.13,35.21,55.13,58.42,34.89,29.26,45.74,166.07,98.3,129.88,62.36,145.18,212.66,25.55
Torridge,E07000046,0.65,144.68,571.64,154.12,129.55,461.31,359.5,147.44,29.77,1.97,52.66,55.42,42.15,36.72,82.35,53.48,32.7,32.34,45.88,158.91,97.41,133.2,61.78,148.82,221.09,23.84
Tower Hamlets,E09000030,1.61,174.48,769.22,33.45,22.85,464.05,318.05,155.01,58.52,4.37,65.57,154.07,87.02,34.53,23.59,27.61,28.25,21.59,36.48,132.12,55.28,69.07,17.53,107.45,410.24,23.24
Trafford,E08000009,2,195.3,629.03,91.42,84.25,538.96,308.5,121.18,29.95,1.41,70.55,135.61,68.76,45.84,32.13,31.93,30.67,18.82,29.64,110.57,65.13,100.44,38,119.72,340.19,17.92
Tunbridge Wells,E07000116,1.81,185.58,620.4,98.26,95.77,552.51,310.83,109.87,24.64,2.16,88.26,112.82,70.3,42.13,44.13,37.46,28.97,17.99,34.6,108,69.34,116.17,33.6,124.75,329.63,19.82
Uttlesford,E07000077,1.41,182.34,615.9,107.33,94.43,580.43,307.5,94.86,16.53,0.68,96.82,103.11,76.29,49.75,50.77,37.11,25.26,22.72,30.49,110.76,76.42,125.08,40.93,138.91,294.79,18.02
Vale of White Horse,E07000180,1.35,178.58,623.7,102.45,95.27,581.48,309.8,91.34,16.52,0.85,76.77,135.66,75.85,45.16,48.44,36.12,24.29,23.84,33.78,101.45,69.02,98.98,40.28,125.02,356.37,18.21
Wakefield,E08000036,2.27,175.17,636.34,104.5,83.99,447.39,338.37,165.24,47.3,1.7,48.54,69.07,55.94,42.74,49.4,43.46,34.47,46.9,66.25,198.75,87.97,121.53,52.94,132.42,197.52,22.57
Walsall,E08000030,3.1,201.7,624.22,89.42,84.67,402.13,350.09,189.01,55.96,2.82,39.89,61.31,43.57,38.95,50.24,41.15,33.86,43.54,53.45,206.89,90.17,111.7,41.61,123.32,186.2,25.33
Waltham Forest,E09000031,1.95,190.5,707.51,57.46,44.53,452.63,338.05,160.92,44.7,3.69,61.99,113.79,74.59,40.31,49.24,35.52,30.04,29.14,52.65,145.59,67.79,82.99,27.65,103.33,344.47,26.18
Wandsworth,E09000032,1.36,156.61,747.72,53.07,42.6,583.63,278.56,104.99,29.94,2.88,108.79,186.45,112.34,39.79,23.53,31.87,22.16,15.37,28.3,83.06,38.96,57.69,17.03,95.31,523.18,20.04
Warrington,E06000007,2.44,169.75,639.9,101.63,88.72,519.09,320.7,127.68,31.19,1.34,64.25,97.94,65.49,46.84,40.98,38.17,36.87,33.62,52.96,134.86,81.71,120.81,48.81,141.39,269.96,21.11
Warwick,E07000222,1.63,159.61,651.61,96.36,92.42,574.18,302.1,99.49,22.45,1.77,76.73,144.1,68.38,38.56,36.99,31.45,25.52,19.85,32.24,104.73,60.77,89.14,34.74,147.06,375.09,18.69
Watford,E07000103,2.32,196.35,677.6,67.37,58.68,505.98,330.96,128.47,31.89,2.7,64.98,118.86,68.88,47.18,47.28,42.63,33.37,30.79,48.26,125.59,72.99,97.46,32.24,114.21,325.26,24.11
Waverley,E07000216,2.34,178.57,603.02,106.31,112.1,595.41,299.38,87.88,16.47,0.86,98.49,120.39,71.18,38.2,40.9,35.72,20.46,13.16,24.52,92.48,58.73,106.41,31.8,123.41,376.61,18.76
Wealden,E07000065,2.34,154.14,580.56,136.71,128.59,524.84,342.6,112.9,18.85,0.81,80.21,84.55,63.25,45.76,60.43,44.01,28.22,19.28,30.91,124.66,87.01,130.12,48.34,150.22,271.92,22.25
Welwyn Hatfield,E07000241,2.05,175.17,667.88,79.95,77,515.18,332.73,123.61,26.84,1.64,69.46,99.02,63.99,45.63,42.03,36.79,30.34,25.48,42.47,116.62,75.09,104.58,36.32,155.01,303.56,22.3
West Berkshire,E06000037,1.38,177.49,627.33,105.63,89.56,559.89,315.91,102.45,20.48,1.28,81.99,112.67,73.73,47.82,50.47,42.34,29.11,24.76,36.84,114.49,80.43,117.4,42.04,136.56,299.64,19.21
West Devon,E07000047,0.53,141.74,573.3,150.87,134.09,493.03,351.88,127.98,24.98,2.14,60.37,77.36,50.06,36.82,74.14,42.03,29.28,26.53,39.62,131.88,85.08,123.98,53.4,142.2,288.43,22.03
West Lancashire,E07000127,2.22,151.63,629.33,116.71,102.33,487.07,338.78,140.48,32.28,1.38,59.89,83.74,52.21,40.88,46.16,41.54,28.9,36.54,44.87,148.9,77.16,114.6,49.19,176.06,250.87,20.59
West Lindsey,E07000142,1.69,157.46,590.47,136.53,115.54,492.47,341.47,134.72,30.06,1.27,60.18,77.6,52.84,40.39,55.47,44.21,30.24,34.73,38.64,150.56,86.11,122.08,56.33,150.53,243.72,22.14
West Northamptonshire,E06000062,1.87,181.36,647.93,94.57,76.14,518.32,331.84,121.23,26.99,1.62,66.48,88.01,62.61,48.05,50.89,39.99,30.43,37.68,67.01,140.48,87.83,115.6,46.41,136.43,256.24,23.88
West Oxfordshire,E07000181,1.57,167.83,615.52,111.08,105.57,566.17,318.37,97.04,17.59,0.83,82.36,104.35,77.6,47.96,58.72,43.67,27.37,27.58,37.07,114.31,77.87,110.45,44.43,140.99,314.38,18.76
West Suffolk,E07000245,1,166.59,625.78,106.97,100.67,493.42,358.71,122.06,24.46,1.34,62.97,81.05,71.6,44.41,60.36,50,29.64,37.32,49.6,172.36,88.92,115.67,51.95,132.56,234.71,27.01
Westminster,E09000033,1.75,122.49,756.18,66.81,54.52,501.4,304.16,134.24,53,7.2,110.76,148.48,83.66,32.15,16.75,28.82,22.79,13.15,26.65,112.04,42.18,59.64,18.34,107.81,501.17,27.75
Westmorland and Furness,E06000064,2.48,141.03,601.65,136.69,120.62,517.85,333.91,120.84,26.29,1.1,60.25,81.25,52.32,36.76,76.6,45.05,34.49,32.47,49.89,135.87,77.52,112.95,68.54,152.9,280.66,19.67
Wigan,E08000010,2.75,172.52,634.35,107.03,86.1,465.52,328.09,160.05,44.58,1.76,48.86,75.38,57.75,45.11,54.19,48.33,35.58,43.11,49.87,171.78,85.8,125.91,57.68,143.88,210.6,20.23
Wiltshire,E06000054,1.51,167.51,613.95,115.02,103.51,534.15,329.76,112.51,22.54,1.05,71.53,91.3,72.29,50.12,55.55,43.34,29.7,29.91,41.11,118.37,83.78,122.8,45.71,149.99,280.6,20
Winchester,E07000094,1.49,165.7,625.74,105.22,103.34,583.06,303.68,94.89,17.29,1.08,86.57,126.8,68.08,39.04,39.26,31.94,20.68,15.52,29.33,91.21,57.44,101.99,33.03,152.53,369.05,16.69
Windsor and Maidenhead,E06000040,2.04,180.67,634.82,94.57,89.93,589.56,298.05,93.94,17.58,0.87,103.45,120.87,81.48,42.33,37.41,34.21,22.32,18.42,28.01,101.32,65.65,103.7,32.96,119.49,362.24,20.35
Wirral,E08000015,2.8,169.79,610.38,118.74,101.09,457.44,334.05,160.03,46.39,2.08,48.34,86.27,55.94,44.9,41.74,47.37,33.48,29.89,38.05,146.45,78.96,120.48,48.92,146.43,257.5,19.86
Woking,E07000217,1.79,189.98,644.45,86,79.57,562.11,310.14,103.51,22.42,1.84,82.91,128.06,73.89,46.33,40.89,39.68,26.8,23.72,33.44,105.76,67.37,99.32,30.87,116.77,357.04,21.18
Wokingham,E06000041,1.5,194.39,633.51,89.37,82.73,614.74,291.67,79.71,13.01,0.87,89.04,142.63,82.12,46.2,36.82,31.98,23.38,17.31,23.65,82.65,64.2,100.13,32.37,129.53,366.47,18.01
Wolverhampton,E08000031,2.79,197.36,638.52,85.72,78.4,403.4,352.41,187.47,53.73,2.99,36.22,66.22,42.95,38.03,42.79,43.62,31.58,46.84,59.44,200.22,87.01,108.98,38.83,119.03,207.46,28.84
Worcester,E07000237,1.68,164.57,659.32,94.99,81.12,500.88,330.83,131.15,34.72,2.42,53.35,97.8,62.65,45.2,46.32,46.04,35.19,38.63,52.22,143.14,75.98,110.77,43.88,151.17,277.95,21.25
Worthing,E07000229,1.87,160.4,615.48,112,112.12,477.5,347.74,138.78,32.28,3.69,59.66,95.51,67.72,46.89,50.09,53.79,32.78,25.58,37.43,134.52,88.63,126.25,44.99,147.44,263.32,24.34
Wychavon,E07000238,1.87,153.33,598.11,131.22,117.34,516.53,337.36,120.69,23.97,1.45,77.55,85.86,58.97,44.67,55.2,39.99,31.69,35.19,42.47,147.44,85.45,115.56,48.79,138.82,276.18,23.41
Wyre,E07000128,3.04,146.89,576.18,142.74,134.19,460.26,348.79,153.5,35.71,1.73,53.22,76.08,49.84,50.58,52.69,43.85,28.11,27.72,33.75,166.98,84.84,123.8,60.08,147.56,238.35,21.22
Wyre Forest,E07000239,2.45,157.02,590.38,132.83,119.76,458.9,347.73,152.86,38.18,2.34,57.21,68.99,51.29,42.24,58.72,47.32,34.56,36.63,45.06,181.27,89.1,124.82,55.21,141.74,217.08,23.02
York,E06000014,1.66,142.18,666.84,99.92,91.06,538.56,326.59,111.37,22.44,1.03,56.66,112.22,59.65,39.01,41.88,38.13,32.66,23.7,41.36,113.17,63.12,96.4,44.53,184.45,329.1,17.68
