La_name,La_code,total_deaths,Total,Children,Adults,Elders,Seniors,Total:_All_households,Household_is_not_deprived_in_any_dimension,Household_is_deprived_in_one_dimension,Household_is_deprived_in_two_dimensions,Household_is_deprived_in_three_dimensions,Household_is_deprived_in_four_dimensions,Total_population,Person_per_household,No_deprivation,Deprivation_in_one_dimesion,Deprivation_in_two_dimesion,Deprivation_in_three_dimesion,Deprivation_in_four_dimesion,"Managers,_directors_and_senior_officials",Professional_occupations,Associate_professional_and_technical_occupations,Administrative_and_secretarial_occupations,Skilled_trades_occupations,"Caring,_leisure_and_other_service_occupations",Sales_and_customer_service_occupations,"Process,_plant_and_machine_operatives",Elementary_occupations,No_qualifications,Level_1_and_entry_level_qualifications,Level_2_qualifications,Apprenticeship,Level_3_qualifications,Level_4_qualifications_or_above,Other_qualifications
Adur,E07000223,87,64544,10911,38394,7617,7622,27678,12584,9872,4194,936,92,64544,2.331960402,29345,23021,9780,2183,215,3723,5308,4167,2802,3800,3033,2223,1791,2394,10333,6065,7949,3325,9055,14784,1440
Amber Valley,E07000032,306,126208,19830,77901,15654,12823,56278,27520,18893,7864,1926,75,126208,2.242581471,61716,42369,17636,4319,168,7601,10343,7351,5407,7651,5289,4157,5415,5795,20668,10975,15009,7032,18723,30265,2388
Arun,E07000224,320,164889,23775,94230,23282,23602,72663,33371,26510,10515,2074,193,164889,2.269229181,75726,60157,23861,4706,438,9668,10443,8438,6751,9140,8372,5310,5463,7732,27534,16142,21323,9101,23983,36839,4630
Ashfield,E07000170,378,126301,22043,79375,13320,11563,54507,23517,18722,9613,2532,123,126301,2.317151925,54492,43382,22275,5867,285,5621,8056,6350,5557,7696,6205,4826,5605,7374,24281,12299,16138,6949,18393,22185,2602
Ashford,E07000105,347,132747,24483,82267,13892,12105,53583,26784,18085,7081,1528,105,132747,2.47740888,66355,44804,17543,3785,260,9116,11645,8174,5728,7271,5627,4446,4311,5917,18829,12098,16412,5952,18232,32148,3095
Babergh,E07000200,204,92343,13898,53903,12785,11757,40199,20575,13976,4678,933,37,92343,2.297146695,47264,32105,10746,2143,85,6354,7308,5721,4108,5648,3840,2805,2645,3599,13491,8642,12142,4783,13410,22817,2092
Barking and Dagenham,E09000002,513,218869,53811,146026,10724,8308,73902,27781,27396,14090,4348,287,218869,2.961611323,82277,81136,41729,12877,850,7590,14827,9013,8455,10709,10114,6810,8628,14044,36796,16752,20367,6260,21819,53791,5961
Barnet,E09000003,867,389343,75162,258077,29807,26297,148921,73825,49136,19877,5415,668,389343,2.614426441,193010,128462,51967,14157,1746,31153,49780,25059,16010,14226,13540,9537,8122,13133,47762,21302,30687,9630,38541,151642,9790
Barnsley,E08000016,717,244575,42179,154797,26463,21136,108053,46238,36682,19079,5815,239,244575,2.263472555,104658,83029,43185,13162,541,11211,15457,12012,9789,13950,11079,9579,11496,14883,50329,21589,28977,13193,33652,46798,5252
Basildon,E07000066,555,187571,36701,118973,17148,14749,76363,35257,26222,11652,3011,221,187571,2.456307374,86602,64409,28621,7396,543,10809,15235,11403,10565,9889,7617,6109,6437,8951,30827,19440,24489,7966,25316,36541,4084
Basingstoke and Deane,E07000084,287,185152,33329,119811,17458,14554,76644,42182,24524,8202,1650,86,185152,2.415740306,101901,59244,19814,3986,208,13815,21005,14271,9431,9207,8022,5917,5301,8103,21302,15914,21571,7405,27027,52806,3782
Bassetlaw,E07000171,214,117804,19147,72576,14079,12002,51461,24096,17652,7728,1912,73,117804,2.289189872,55160,40409,17691,4377,167,6809,7894,5873,4528,6462,5599,3886,6000,6723,21013,10651,14392,6514,16961,24848,2988
Bath and North East Somerset,E06000022,265,193408,29712,126174,19267,18255,79250,42870,25495,8952,1819,114,193408,2.440479495,104623,62220,21847,4439,278,12986,21445,11744,7710,8730,7148,4815,4000,7002,19805,11972,19147,7608,35318,64251,3517
Bedford,E06000055,479,185231,34880,119327,16716,14308,74950,38704,24497,9293,2224,232,185231,2.471394263,95653,60542,22967,5496,573,11735,18078,12055,8032,8719,7777,5865,6044,10105,24813,15366,19977,8263,23976,51411,4312
Bexley,E09000004,579,246472,47665,157915,21194,19698,95299,46238,32625,13232,2998,206,246472,2.58630206,119585,84378,34222,7754,533,14374,23112,15904,15334,12162,9787,7405,7277,9540,35582,21413,28535,10225,32511,61837,5722
Birmingham,E08000025,2716,1144918,239350,755081,79929,70558,423456,171117,146765,78859,25045,1670,1144918,2.703747261,462657,396815,213215,67715,4515,40367,90497,48450,39753,36325,42257,31868,37676,54278,212198,90079,111212,32425,152046,265806,25857
Blaby,E07000129,208,102925,18071,63782,11148,9924,42575,22832,13991,4903,823,26,102925,2.417498532,55196,33823,11853,1990,63,6624,9864,7117,5357,6149,4331,3345,3372,4272,14463,8373,11882,5944,15427,25547,2031
Blackburn with Darwen,E06000008,416,154738,32951,99384,12883,9520,58767,24187,19982,10718,3692,188,154738,2.633076386,63686,52614,28221,9721,495,5910,10237,6623,6145,6664,6833,5712,6394,6998,28923,12968,16574,6550,18823,32054,3616
Blackpool,E06000009,382,141036,23129,88716,15541,13650,64789,24769,22750,12785,4183,302,141036,2.176851009,53918,49523,27831,9106,657,6150,7378,5860,6540,6381,8249,5332,4680,6975,28575,13677,17470,7889,19382,26177,3170
Bolsover,E07000033,222,80276,13068,50995,8835,7378,35261,15065,12160,6318,1672,46,80276,2.276622898,34297,27684,14384,3807,105,3829,4965,3873,3367,4621,4279,2970,3850,5551,16018,7697,10066,4516,11771,14406,1804
Bolton,E08000001,680,295961,59709,185530,28061,22661,118789,51290,40539,20373,6244,343,295961,2.491484902,127788,101002,50759,15557,855,13209,20912,14775,12080,12536,11859,11121,11365,13774,52451,24792,32352,14327,38190,63678,6497
Boston,E07000136,157,70504,12104,43992,7637,6771,29404,12014,11351,4775,1181,83,70504,2.397769011,28807,27217,11449,2832,199,2824,3550,2443,2519,3671,3295,2481,6210,5950,15921,7317,8274,4241,8157,10963,2711
"Bournemouth, Christchurch and Poole",E06000058,870,400198,61432,252340,43414,43012,173842,83966,59166,24231,5889,590,400198,2.302078899,193296,136205,55782,13557,1358,24102,35829,23461,16210,19924,18952,14147,10830,15984,53317,33102,47335,20187,63771,107437,9759
Bracknell Forest,E06000036,157,124607,23059,82673,10554,8321,50248,28327,15641,5132,1069,79,124607,2.479839994,70246,38787,12727,2651,196,10078,13638,10657,6586,6563,5786,3900,2930,4971,13183,10581,14929,5171,17874,35578,2617
Bradford,E08000032,1162,546412,117002,346408,46497,36505,209867,90141,72227,35313,11416,770,546412,2.603610858,234692,188051,91941,29723,2005,22056,37270,24847,20998,22863,22470,18344,20701,24983,101122,46051,57458,22777,66275,115663,12228
Braintree,E07000067,402,155272,26812,96709,17402,14349,64984,32486,22192,8442,1768,96,155272,2.389388157,77622,53025,20171,4224,229,10666,12130,10216,7828,9597,7072,5087,5297,6890,23238,15569,21107,7466,23081,32674,3431
Breckland,E07000143,295,141474,22176,83997,18484,16817,60361,27457,22262,8786,1773,83,141474,2.343798148,64354,52178,20593,4156,195,8001,8458,7511,5726,8693,6886,4651,6772,7687,26228,14196,18382,8066,19911,27207,3862
Brent,E09000005,792,339814,60674,239585,21908,17647,118612,47376,43300,21017,6328,591,339814,2.864920919,135728,124051,60212,18129,1693,18377,30776,18856,12786,15470,13078,11939,12545,20727,59770,24296,26148,9529,34338,109998,11064
Brentwood,E07000068,224,77048,13318,48195,7764,7771,32342,17935,10172,3465,716,54,77048,2.382289283,42726,24233,8255,1706,129,6983,8875,5992,4541,3233,2475,1707,1477,1983,9482,6071,9668,2966,10790,22248,1643
Brighton and Hove,E06000043,405,277103,38981,199146,21187,17789,121401,58122,40060,17461,5195,563,277103,2.282542977,132666,91439,39855,11858,1285,19517,35643,22835,9977,10576,11111,8400,4906,9408,29215,16545,25067,8052,46359,104790,5339
"Bristol, City of",E06000023,565,472468,78280,333428,32870,27890,191638,96135,60901,26503,7515,584,472468,2.465419176,237013,150146,65341,18528,1440,23973,62986,34060,19965,19592,18082,13880,12624,22442,56657,29350,41789,15282,73981,164106,8543
Broadland,E07000144,309,131722,19934,77718,17403,16667,57759,29450,19966,7131,1170,42,131722,2.280545023,67162,45533,16263,2668,96,8201,11220,8045,6688,8012,5967,4713,3806,4676,19415,12253,17364,8114,20032,30320,3008
Bromley,E09000006,673,329989,61042,210706,29853,28388,135827,74219,42434,15360,3586,228,329989,2.429480148,180314,103093,37317,8712,554,27728,42937,25427,17485,12684,10809,7677,5761,8545,36581,23030,35258,10559,39420,113508,6732
Bromsgrove,E07000234,247,99182,16947,59496,11486,11253,41264,22586,13220,4557,868,33,99182,2.403596355,54288,31776,10953,2086,79,8070,11686,6409,4632,4693,3551,2343,2103,2866,12725,7355,11428,4338,13476,29698,2081
Broxbourne,E07000095,215,99008,18396,63372,8815,8425,39850,18526,13972,5813,1403,136,99008,2.484516939,46028,34714,14442,3486,338,6652,7683,6326,5756,5754,3907,3137,3593,4410,16557,9349,11727,4508,13270,21689,2337
Broxtowe,E07000172,261,110938,17339,69374,12777,11448,48361,24190,16338,6398,1384,51,110938,2.293955874,55491,37479,14677,3175,117,5796,12507,6752,4916,5141,3811,3520,3279,4750,16079,8758,11486,5535,16771,31640,2270
Buckinghamshire,E06000060,1045,553078,102850,346516,53900,49812,220328,125932,68311,21635,4208,242,553078,2.510248357,316121,171478,54309,10563,607,50275,60916,40459,25406,25180,20788,14792,12593,17068,60981,39427,59473,21261,69811,181721,10721
Burnley,E07000117,290,94646,18212,59536,9550,7348,39872,16305,13669,7316,2440,142,94646,2.373745987,38704,32447,17366,5792,337,3627,5488,4189,3432,4724,4577,3304,4059,5567,18347,8368,10415,4920,12610,18299,2240
Bury,E08000002,519,193850,36500,121902,19399,16049,80695,38309,27078,11875,3263,170,193850,2.402255406,92028,65048,28527,7839,408,11050,18182,11893,8951,7967,8168,6747,5999,7401,28706,15069,22659,8605,25587,50036,4211
Calderdale,E08000033,318,206631,37433,129888,21959,17351,90476,43225,29923,13398,3731,199,206631,2.283821124,98718,68339,30599,8521,454,11470,18005,12532,8988,10331,8551,6364,7118,7986,31965,16313,23351,10524,29096,51419,3966
Cambridge,E07000008,121,145676,19694,109368,8697,7917,52472,29647,15868,5485,1390,82,145676,2.776261625,82308,44054,15228,3859,228,7305,27849,7980,3847,3496,4298,2691,2261,5624,11957,5989,8592,3236,22686,69666,2639
Camden,E09000007,308,210135,30293,155013,13666,11163,92759,44082,29601,13535,4938,603,210135,2.265386647,99863,67058,30662,11186,1366,18061,34122,18538,6039,3704,5832,4459,2865,4811,20948,8996,12776,3402,25154,101932,4701
Cannock Chase,E07000192,265,100519,16944,64021,10663,8891,43457,19804,14699,7105,1784,65,100519,2.31306809,45808,34000,16434,4127,150,5408,6665,5714,4618,6898,4700,3861,4564,5454,18134,9826,13079,4989,15521,18748,2181
Canterbury,E07000106,451,157430,22930,100250,17916,16334,63792,30170,22294,9079,2092,157,157430,2.467864309,74455,55019,22406,5163,387,8405,14179,8382,5338,6798,5998,4101,3341,5572,21555,11845,16598,6456,28827,43896,3598
Castle Point,E07000069,365,89587,14212,52776,11697,10902,37389,16388,13761,5898,1265,77,89587,2.396079061,39267,32972,14132,3031,184,5345,5800,5346,5309,5461,3684,2870,3127,3237,17753,10153,12632,5036,12659,13747,2432
Central Bedfordshire,E06000056,581,294251,54184,187120,29104,23843,120754,66142,38934,12938,2607,133,294251,2.436780562,161174,94874,31527,6353,324,22756,29147,22554,15126,16605,12036,8769,9125,11724,35598,24650,34892,14069,43107,78654,5789
Charnwood,E07000130,323,183968,28945,120389,18665,15969,73785,39071,23883,8869,1885,77,183968,2.493298096,97416,59547,22113,4700,192,10973,17077,11243,7772,8969,7147,5402,5702,7307,24122,13858,18970,8982,33746,49884,3538
Chelmsford,E07000070,414,181523,31626,114740,18434,16723,75403,41147,24302,8170,1694,90,181523,2.40737106,99056,58504,19668,4078,217,13552,20553,13001,9695,8286,6551,5080,4335,6617,22401,15318,22513,7621,25917,50086,3882
Cheltenham,E07000078,216,118833,19136,76814,11448,11435,52899,29708,16236,5613,1260,82,118833,2.246412976,66736,36473,12609,2830,184,7854,14452,7671,6739,4867,4498,3675,2743,4799,13181,7848,12338,4337,15886,42441,2405
Cherwell,E07000177,231,161015,28560,104421,15084,12950,65894,35653,21456,7160,1530,95,161015,2.443545695,87120,52429,17496,3739,232,11590,16385,11229,7702,8628,6497,6092,6561,8564,20951,13727,18169,7305,20982,45840,3614
Cheshire East,E06000049,909,398776,64906,244643,46687,42540,174856,95796,55229,19584,4086,161,398776,2.280596605,218472,125955,44663,9319,367,31802,40932,26039,16854,17027,15093,12123,11663,16884,49524,28571,45115,19394,55373,123785,7711
Cheshire West and Chester,E06000050,863,357149,57819,223583,40381,35366,155156,80756,49835,19598,4721,246,357149,2.301870376,185890,114714,45112,10867,566,23645,34393,21968,14779,15664,14239,12419,11539,15816,46771,27467,40467,15914,52461,105387,6891
Chesterfield,E07000034,207,103569,16490,64695,12076,10308,48058,21488,16437,7884,2148,101,103569,2.155083441,46308,35423,16991,4629,218,4968,7929,5262,4469,5298,5524,4046,3842,5257,17380,9384,13050,5515,15449,23053,2170
Chichester,E07000225,288,124069,18075,72367,16758,16869,54118,28937,18012,5917,1184,68,124069,2.292564396,66340,41294,13565,2714,156,9510,11137,8031,4479,6489,5071,3149,2439,4399,15536,9263,14360,5336,18587,38992,2636
Chorley,E07000118,226,117731,20021,73594,13396,10720,50132,26340,16325,6015,1406,46,117731,2.348420171,61857,38338,14126,3302,108,8012,11773,7815,5369,5763,5113,3510,3767,4729,15422,9007,13468,6465,17264,32614,2129
City of London,E09000001,11,8580,546,6828,711,495,4914,2937,1547,347,75,8,8580,1.746031746,5128,2701,606,131,14,1100,2328,1001,266,97,144,114,50,170,529,223,392,80,708,5939,135
Colchester,E07000071,351,192715,34239,124164,18295,16017,79710,40941,26500,9832,2292,145,192715,2.417701669,98983,64069,23771,5541,351,11840,18597,12807,8324,9187,9148,5935,5295,7440,24043,16123,23196,8139,30420,50401,4020
Cornwall,E06000052,504,570302,87003,339163,77789,66347,250535,115522,88881,36692,8750,690,570302,2.27633664,262967,202323,83523,19918,1571,32237,38715,28015,20551,39345,27618,19376,17088,25119,77919,47676,72367,31455,89955,145890,12163
Cotswold,E07000079,133,90832,13596,53570,12320,11346,40597,23145,12909,3852,666,25,90832,2.237406705,51785,28883,8618,1490,56,8510,8321,5791,3771,5358,3482,2625,1952,3390,10439,6768,10640,3669,12575,30370,1854
County Durham,E06000047,1349,522071,82610,328123,61756,49582,234761,104412,79207,39903,10931,308,522071,2.223840416,232196,176144,88738,24309,685,22345,36146,26301,20881,25906,22426,18164,20402,23607,90804,41359,61724,27061,86414,116019,10577
Coventry,E08000026,594,345324,64513,230498,26050,24263,134140,60360,45659,21411,6219,491,345324,2.574355151,155388,117542,55120,16010,1264,12731,27832,16677,13178,13032,13120,10733,12842,21117,53671,27542,34920,14284,52525,84691,9240
Crawley,E07000226,200,118491,23545,79194,8840,6912,45504,20934,15812,6931,1708,119,118491,2.603968882,54511,41174,18048,4448,310,5913,8710,7174,5712,5280,6630,5133,5461,7541,16682,12423,15256,4895,15358,25773,3180
Croydon,E09000008,913,390716,75589,262054,29022,24051,152946,73406,51772,21635,5581,552,390716,2.55460097,187523,132257,55269,14257,1410,23874,42790,26262,18954,15766,17245,12381,10547,16177,49877,28370,38241,11786,45535,127342,9246
Cumbria,E06000063,748,273255,42523,167514,34681,28537,125426,60387,42218,17883,4775,163,273255,2.178615279,131560,91977,38960,10403,355,12947,19878,14049,10577,18087,12547,9385,13425,14350,46645,23238,32264,16998,40159,62870,5690
Dacorum,E07000096,311,155081,29478,98637,14295,12671,63412,34197,20159,7241,1673,142,155081,2.445609664,83633,49301,17709,4092,347,12745,16045,11603,7242,7328,5978,4436,3920,6175,18167,12499,17595,5928,19844,46745,3002
Darlington,E06000005,244,107801,18452,67309,11938,10102,48917,23775,16384,6944,1738,76,107801,2.203753296,52394,36106,15303,3830,167,5210,8369,5896,4904,5002,4743,4350,3824,5806,16972,8276,12733,6215,16141,25517,2253
Dartford,E07000107,285,116753,24581,76134,8602,7436,45696,23846,14682,5787,1282,99,116753,2.554993873,60926,37512,14786,3276,253,7515,11979,7647,6738,6164,4674,3774,3998,5161,14717,10008,13850,5055,15187,29362,2521
Derby,E06000015,707,261363,49097,169481,22435,20350,105652,48185,35658,16606,4907,296,261363,2.473810245,119201,88211,41080,12139,732,10386,21294,12930,9628,10834,10918,8717,11341,15256,42141,21586,27706,13064,36230,62097,6365
Derbyshire Dales,E07000035,167,71539,9716,41803,10641,9379,32284,17089,10764,3770,625,36,71539,2.215927394,37868,23852,8354,1385,80,5523,6749,3665,2782,4506,2579,1773,2265,2769,9583,5301,8121,3173,9588,23939,1353
Doncaster,E08000017,799,308104,53683,194569,32859,26993,133479,58391,46328,22336,6171,253,308104,2.308258228,134782,106937,51557,14244,584,13960,17499,14483,11943,15954,13791,11574,14033,21863,61805,28721,37907,16765,41594,56931,7205
Dorset,E06000059,540,379579,53521,213782,57434,54842,169258,84472,59229,21130,4136,291,379579,2.242605962,189437,132827,47386,9275,653,24075,28813,20947,15505,23065,16851,11029,9411,14590,50834,33549,48267,21943,56884,101298,9127
Dover,E07000108,339,116409,18942,69568,15055,12844,50547,22821,17679,8002,1918,127,116409,2.30298534,52556,40714,18428,4417,292,5978,7727,7430,4735,5810,6162,3649,3708,4785,18706,10741,14905,5682,17218,25951,2927
Dudley,E08000027,723,323488,57258,200172,33820,32238,137073,60524,47358,23098,5837,256,323488,2.359968776,142835,111763,54511,13775,604,15214,24108,17143,15219,17877,13567,11382,12737,14329,60569,28475,39480,15703,45064,65589,7608
Ealing,E09000009,741,367115,67408,255245,24980,19482,133658,61527,45652,20275,5686,518,367115,2.746674348,168995,125391,55689,15618,1423,23908,38950,23397,13806,15322,12247,11420,11516,19044,52925,23821,27461,10012,37920,130981,12251
East Cambridgeshire,E07000009,97,87762,15316,54227,9696,8523,37201,19868,12385,4128,790,30,87762,2.359130131,46871,29218,9738,1864,71,6463,9571,6065,4186,4995,4050,2332,2786,3481,11824,6993,9636,4385,11736,25007,1848
East Devon,E07000040,181,150824,21941,83660,22248,22975,66788,33888,23621,7809,1385,85,150824,2.258249985,76528,53342,17635,3128,192,9397,11606,8147,5880,9073,6851,4940,3568,5911,19207,12653,19009,8200,21722,43114,3484
East Hampshire,E07000085,196,125739,20450,76229,15032,14028,52718,30044,16634,5006,973,61,125739,2.385124625,71659,39674,11940,2321,145,10866,13058,8587,5690,6929,5612,3182,2593,3980,13605,9076,15052,4996,18474,40207,2420
East Hertfordshire,E07000242,230,150161,27058,95713,14607,12783,62021,35445,19214,6201,1121,40,150161,2.421131552,85817,46520,15013,2714,97,13916,16923,11967,7642,7067,5692,3804,3385,4761,16756,11407,17400,5691,20392,46724,2782
East Lindsey,E07000137,319,142296,19435,79530,23355,19976,64754,25757,23906,11962,2954,175,142296,2.19748587,56601,52533,26286,6491,385,7273,6728,5719,4674,7996,6449,4584,4686,6467,30632,13930,18400,8542,20068,26133,3713
East Riding of Yorkshire,E06000011,748,342215,50454,201266,48432,42063,152066,77704,51733,18920,3542,167,342215,2.25043731,174868,116422,42578,7971,376,21286,27961,19154,14061,19273,14436,10245,11242,14892,52477,28930,40565,20621,49602,87851,8094
East Staffordshire,E07000193,390,124019,22065,78867,12393,10694,51293,25318,17408,6879,1594,94,124019,2.417854288,61215,42090,16632,3854,227,7216,9099,6211,5152,6199,4740,3902,6460,8873,20231,10759,14594,6021,17079,28826,2998
East Suffolk,E07000244,502,246058,36696,141053,35252,33057,110747,51925,39292,15733,3578,219,246058,2.221802848,115367,87299,34956,7950,487,13743,16789,13120,10078,13186,11035,7897,8126,10245,40105,23295,31039,14261,34993,56968,6058
Eastbourne,E07000061,316,101685,16029,60737,12318,12601,45609,19705,16400,7386,1882,236,101685,2.229494179,43932,36564,16467,4196,526,4894,7711,5050,3851,4755,5822,3447,2527,4582,15567,9379,12393,4808,14436,25210,2781
Eastleigh,E07000086,177,136440,24537,85274,14017,12612,56922,31397,18289,6032,1150,54,136440,2.396964267,75257,43838,14458,2757,129,9368,14801,9809,7272,7551,6029,4522,3821,4804,15155,11209,16397,7251,21007,36540,2775
Elmbridge,E07000207,266,138754,28147,85786,12554,12267,55587,34389,15626,4642,876,54,138754,2.496159174,85840,39005,11587,2187,135,16393,17528,10682,5479,4152,4340,2663,1793,2797,11753,7048,12442,3515,14811,56677,2528
Enfield,E09000010,743,329984,68116,216855,23948,21065,120920,51013,43120,20209,6012,566,329984,2.728944757,139212,117672,55149,16406,1545,18085,29045,17379,13452,14126,13214,9721,9168,15157,57813,24151,29005,10055,34476,93371,8311
Epping Forest,E07000072,383,134980,23509,85204,13728,12539,54557,27885,18102,6906,1560,104,134980,2.474109647,68991,44786,17086,3860,257,12312,13047,9292,7869,6900,4461,3284,3333,4132,20734,11388,16115,5490,17575,35632,2995
Epsom and Ewell,E07000208,219,80938,15290,51032,7550,7066,31321,18039,9574,3057,596,55,80938,2.584144823,46615,24741,7900,1540,142,6992,10583,5863,4031,3227,3177,1770,1386,2022,8246,5106,8177,2628,10110,28642,1698
Erewash,E07000036,289,112906,18182,71238,12488,10998,50334,24179,17054,7164,1858,79,112906,2.243135853,54237,38254,16070,4168,177,6112,9012,6538,5357,6840,4917,4253,4717,6110,18530,10440,14022,6983,17036,24203,2316
Exeter,E07000041,114,130709,18203,90780,11178,10548,52554,26181,17439,7025,1779,130,130709,2.48713704,65116,43373,17472,4425,323,5721,14053,6947,5160,5278,5467,4262,3537,5746,15078,9098,12730,5316,27915,38612,2582
Fareham,E07000087,264,114511,17713,68698,14064,14036,48639,26566,16065,5161,800,47,114511,2.354304159,62544,37822,12151,1883,111,7936,11550,9077,6084,5535,4497,3490,2577,3642,13246,9376,13952,6292,18423,31910,2435
Fenland,E07000010,207,102459,16536,62522,12480,10921,44084,18370,16471,7442,1702,99,102459,2.324176572,42695,38282,17297,3956,230,5012,5204,5091,4074,6118,4870,3320,6558,6067,21889,10947,13346,5732,13842,16152,2924
Folkestone and Hythe,E07000112,364,109758,17069,65261,14691,12737,48338,21473,17142,7645,1919,159,109758,2.270635939,48757,38923,17359,4357,361,6148,7542,6856,4276,5533,5537,3694,3105,4129,17756,10642,13599,5791,15793,25068,2907
Forest of Dean,E07000080,112,87004,13076,52119,11820,9989,37217,17898,12961,5208,1101,49,87004,2.337748878,41841,30300,12175,2574,115,5113,6179,4820,3751,5771,4237,2486,3170,3682,13427,7648,11425,4722,12861,21023,1941
Fylde,E07000119,254,81373,11307,47423,11572,11071,37604,19108,12754,4648,1030,64,81373,2.163945325,41349,27599,10058,2229,138,5180,7619,4848,3584,3473,3260,2280,1940,2630,11117,6406,9605,4387,12055,23868,1809
Gateshead,E08000037,446,196151,32356,124022,21359,18414,88999,39877,29733,14850,4376,163,196151,2.203968584,87888,65531,32729,9645,359,8414,16364,10827,8825,8505,8494,8122,6880,8983,34975,16022,22280,11629,27436,45246,4158
Gedling,E07000173,290,117262,19530,72445,13531,11756,51551,26151,16974,6905,1462,59,117262,2.274679444,59485,38610,15707,3326,134,6991,11603,7589,5557,6194,5051,4108,3334,4675,17002,9337,13327,5965,17661,30727,2439
Gloucester,E07000081,244,132416,23960,86338,11662,10456,55407,27115,18696,7514,1928,154,132416,2.389878535,64802,44681,17958,4608,368,6212,10703,7863,7096,7132,7288,5073,5511,6811,19473,12336,16332,6536,19965,29295,3002
Gosport,E07000088,156,81955,13845,50597,9363,8150,35922,16523,12813,5305,1208,73,81955,2.281470965,37697,29232,12103,2756,167,4067,5220,5722,3998,4730,4510,2925,2571,3920,11695,8504,10664,4495,13322,16648,1883
Gravesham,E07000109,295,106900,20895,67591,9709,8705,41724,18835,14736,6385,1626,142,106900,2.562074585,48257,37755,16359,4166,364,5971,7777,6054,5126,5546,4466,3519,4313,5889,17186,10086,12846,4954,13962,22572,2948
Great Yarmouth,E07000145,207,99748,15994,59817,12773,11164,44544,16995,16376,8526,2471,176,99748,2.239313937,38057,36671,19092,5533,394,4018,4861,4078,3703,5188,5219,3527,4247,5435,21926,10744,12935,5971,13209,15091,2843
Greenwich,E09000011,480,289071,56015,202830,17300,12926,114052,55022,36619,16601,5382,428,289071,2.534554414,139456,92813,42076,13641,1085,18611,35339,20617,11232,10535,12300,8125,6975,14106,38319,18349,23747,7937,30154,104926,6316
Guildford,E07000209,220,143650,22763,95729,13028,12130,55760,32183,17103,5312,1074,88,143650,2.576219512,82910,44061,13685,2767,227,12076,17886,10805,5701,5605,5092,3231,2273,3966,13540,8646,13528,4686,23554,52620,2783
Hackney,E09000012,477,259146,46713,191928,12474,8031,106081,47686,34486,16971,6333,605,259146,2.442906835,116492,84246,41459,15471,1478,18497,39304,27058,9267,6359,9179,6559,4407,9998,35043,12782,17449,4938,24171,109724,5361
Halton,E06000006,274,128479,22909,81610,14358,9602,55949,24183,18732,9843,3088,103,128479,2.296359184,55533,43015,22603,7091,237,5847,8666,7178,5784,5599,5419,5709,5842,7242,21865,12338,17403,5718,19057,24876,2691
Hammersmith and Fulham,E09000013,281,183157,26906,137265,10717,8269,81244,41748,25243,10555,3319,379,183157,2.254406479,94117,56908,23795,7482,854,18185,28501,18056,6699,4419,6422,4521,2627,5591,18332,7892,11387,3534,20165,89043,4273
Harborough,E07000131,151,97626,15992,60136,11429,10069,40413,23390,12472,3898,625,28,97626,2.415707817,56503,30129,9416,1510,68,8775,10760,6915,4427,5001,3401,2619,2341,3470,10937,7232,11248,4832,13900,30387,1892
Haringey,E09000014,474,264240,45249,191279,15969,11743,105095,45524,35580,17629,5755,607,264240,2.514296589,114461,89459,44325,14470,1526,16991,33097,21379,8908,10984,9756,7273,5880,15617,39921,14732,18392,6781,25260,104270,6644
Harlow,E07000073,188,93328,19153,60561,7432,6182,37856,16252,13397,6350,1669,188,93328,2.46534235,40067,33028,15655,4115,463,4770,6801,5121,4897,5359,4645,3325,4245,5666,15364,9802,11618,4120,12132,17864,2202
Harrow,E09000015,645,261203,48313,172711,21410,18769,89642,43681,30953,12012,2763,233,261203,2.913846188,127280,90192,35001,8051,679,17311,31004,14173,11786,11907,8088,8159,7532,10899,36454,17150,21857,6656,26422,94317,6764
Hart,E07000089,150,99408,17844,61990,9909,9665,39964,24252,11899,3264,526,23,99408,2.487438695,60325,29598,8119,1308,57,9479,11676,8643,4714,4507,3578,2451,1738,2609,8742,7066,11310,3800,14320,33217,1872
Hartlepool,E06000001,250,92337,16484,57620,10331,7902,40930,17262,13735,7570,2278,85,92337,2.255973613,38943,30986,17078,5139,192,3337,5771,4438,3349,4679,4269,3364,3588,4051,17286,7076,10963,5205,13776,18526,1854
Hastings,E07000062,240,90996,15276,57301,10334,8085,40450,17007,14173,7001,2076,193,90996,2.249592089,38259,31883,15749,4670,434,4412,6675,5427,3787,5020,5379,3178,2537,3661,15039,8387,11256,3815,12768,21357,2082
Havant,E07000090,296,124210,20015,73977,15398,14820,53589,24402,18946,8020,2020,201,124210,2.31782642,56560,43914,18589,4682,466,6822,9120,6868,5223,7550,5952,4261,3978,5238,20492,11643,15718,6593,18281,27262,2876
Havering,E09000016,844,262052,49318,166623,23993,22118,101277,47903,34966,14859,3337,212,262052,2.587477907,123948,90474,38447,8634,549,15316,24028,16487,16451,14187,9841,7492,7905,10127,41947,23453,31228,10778,34125,61921,6278
"Herefordshire, County of, County of",E06000019,293,187033,28027,110534,25495,22977,82825,40941,28690,10761,2284,149,187033,2.258170842,92452,64787,24300,5158,336,11936,14018,9824,7887,12798,8429,5819,6881,9179,28315,14982,22184,9258,26573,51420,4401
Hertsmere,E07000098,318,107827,20243,68445,9841,9298,42682,22141,14147,5171,1147,76,107827,2.526287428,55935,35739,13063,2898,192,9135,12123,7351,5548,4530,4096,2731,2532,3466,13778,7921,11396,3825,12741,34134,2396
High Peak,E07000037,238,90930,14290,56801,11093,8746,40772,21222,13356,5024,1123,47,90930,2.230207005,47329,29787,11205,2505,105,5854,8787,5536,3652,5169,4349,2912,3569,3912,11307,7063,10412,4578,13751,26922,1627
Hillingdon,E09000017,706,305909,60345,204391,22110,19063,109228,50136,38207,16448,4110,327,305909,2.800646354,140413,107004,46065,11511,916,18368,29591,17625,14028,12954,11371,9658,10515,14192,43906,23872,28514,10298,35836,90664,8788
Hinckley and Bosworth,E07000132,207,113639,18490,69739,13776,11634,49445,25421,16657,6114,1200,53,113639,2.29829103,58425,38283,14052,2758,122,7731,10099,7471,5693,6311,4685,3460,4022,5367,17207,10026,13584,6196,16900,27630,2375
Horsham,E07000227,225,146779,24376,88959,17229,16215,62370,35372,19802,6037,1071,88,146779,2.353358987,83243,46601,14207,2520,207,12658,15160,11360,6790,7035,6153,4154,2973,4519,15075,11412,18801,5837,21877,44615,3047
Hounslow,E09000018,569,288182,55986,198246,19470,14480,102961,45406,36270,16488,4377,420,288182,2.798943289,127089,101518,46149,12251,1176,17714,27252,17250,11816,11915,10792,10113,9851,17764,42630,21674,23390,8090,28046,95076,9775
Huntingdonshire,E07000011,250,180831,30657,113636,19816,16722,76881,41205,25319,8576,1699,82,180831,2.352089593,96918,59553,20172,3996,193,13154,18288,13386,9340,9032,7300,5551,6355,7144,23194,15790,21608,8222,26020,49593,3834
Hyndburn,E07000120,211,82239,15540,51695,8287,6717,34790,14766,11847,6092,1985,100,82239,2.363868928,34905,28005,14401,4692,236,3315,4908,3884,3235,4625,4204,3011,3822,3659,14951,6845,9321,4778,11527,16514,1696
Ipswich,E07000202,319,139642,26172,90459,12263,10748,59507,26895,20605,9332,2519,156,139642,2.346648293,63113,48353,21899,5911,366,6021,11186,7795,6180,6747,6886,5826,6283,8263,24251,13437,16100,7015,18241,29295,3493
Isle of Wight,E06000046,255,140459,19464,79976,21683,19336,64775,28569,23476,10070,2465,195,140459,2.16841374,61949,50906,21836,5345,423,7216,8910,6532,4817,8015,7433,4869,3563,5470,22064,13355,17501,8926,21444,32783,3513
Isles of Scilly,E06000053,0,2055,308,1167,277,303,942,478,337,106,21,0,2055,2.181528662,1043,735,231,46,0,191,139,124,74,190,147,83,65,90,213,119,272,88,341,655,42
Islington,E09000019,325,216587,31143,165123,11827,8494,96496,46657,29403,14577,5409,450,216587,2.244517907,104722,65996,32718,12141,1010,17275,38411,22236,7135,4822,6306,4918,3403,6651,25257,10273,13146,4212,22337,103975,4426
Kensington and Chelsea,E09000020,251,143376,19019,103756,11324,9277,66884,35174,20245,8121,2918,426,143376,2.143651695,75401,43398,17409,6255,913,18361,18731,12032,4003,2179,4867,2936,1652,3044,13971,5446,8803,2378,15439,73226,3826
King's Lynn and West Norfolk,E07000146,389,154325,23884,90506,20593,19342,67464,29662,24812,10524,2330,136,154325,2.287516305,67852,56758,24074,5330,311,8277,9457,7442,6092,9629,7427,4945,6844,7947,30136,15595,19503,8226,21172,30036,4224
"Kingston upon Hull, City of",E06000010,611,267013,50032,176157,23602,17222,115472,47556,39375,21788,6452,301,267013,2.312361438,109967,91049,50382,14919,696,8158,14191,11679,9227,15641,12578,10922,14409,17248,54010,24163,30143,14691,37418,46511,6944
Kingston upon Thames,E09000021,305,168061,30657,113081,13327,10996,65626,36639,20274,7045,1552,116,168061,2.560890501,93828,51919,18041,3975,297,14564,23613,12833,6999,5676,5548,4523,2768,4814,16128,8744,13319,4324,19766,69582,3603
Kirklees,E08000034,869,433214,81402,274999,42461,34352,177990,82995,59593,27052,7881,469,433214,2.433923254,202003,145045,65842,19182,1142,22711,34362,24126,16846,20733,17108,14139,16764,17539,71832,33776,46112,21655,60187,103532,9180
Knowsley,E08000011,395,154519,28386,99891,15112,11130,66073,26952,21374,12688,4856,203,154519,2.338610325,63030,49985,29672,11356,475,5970,10424,7790,7549,7264,8120,6135,6635,7970,32600,13203,17898,6817,21411,29578,2792
Lambeth,E09000022,521,317651,45690,244701,15836,11424,134688,67366,42725,18625,5499,473,317651,2.358420943,158877,100764,43926,12969,1116,25476,54200,33952,12257,9295,12426,7982,6018,16170,35185,16252,21025,6973,31935,151312,6263
Lancaster,E07000121,285,142932,21757,91830,15677,13668,59979,29026,20314,8383,2132,124,142932,2.383034062,69170,48409,19977,5081,295,6505,12021,7168,4829,7269,7110,4299,4409,5815,18885,10307,14998,6790,27060,38664,2937
Leeds,E08000035,1535,811952,144571,540615,67998,58768,341466,164958,112338,49084,14124,962,811952,2.377841425,392244,267122,116714,33585,2287,41203,83130,50422,34922,31931,32578,25756,22222,35786,119597,60190,79192,34353,120782,228358,15996
Leicester,E06000016,810,368571,72732,252338,25265,18236,127388,49397,45634,24094,7624,639,368571,2.893294502,142920,132033,69711,22058,1849,10826,23248,13064,11915,11872,14367,12666,21882,26696,77692,31152,33954,11024,46860,77900,12431
Lewes,E07000063,266,99909,15600,57845,13393,13071,43688,20934,15304,5977,1367,106,99909,2.286875114,47873,34998,13669,3126,242,6541,8701,6445,3886,5248,4398,2759,2298,3287,13372,8498,11840,4497,13794,28978,2243
Lewisham,E09000023,549,300551,54879,217028,16092,12552,122392,57783,39762,18556,5755,536,300551,2.455642526,141894,97641,45567,14132,1316,19956,41215,26719,11570,10249,12442,8783,6184,13404,35447,17738,23426,7261,31537,120814,6187
Lichfield,E07000194,281,106434,16677,64228,13114,12415,45630,23731,14968,5762,1109,60,106434,2.332544379,55354,34914,13440,2587,140,8428,10410,6610,4722,5344,3663,3011,2961,4286,15110,8930,12487,4743,15241,29789,2296
Lincoln,E07000138,164,103813,15785,73023,8121,6884,42506,19193,14648,6678,1865,122,103813,2.442314026,46875,35775,16310,4555,298,3681,7030,4937,3582,4570,4949,3892,4758,6156,15135,8461,11149,4845,22253,22943,2281
Liverpool,E08000012,1280,486089,78342,333425,42415,31907,207491,86264,67761,38407,14386,673,486089,2.342699201,202091,158744,89976,33702,1577,17368,41032,23729,20699,16000,20146,16110,14969,24111,90049,34955,46141,17624,80909,124150,9200
Luton,E06000032,509,225261,49435,149460,14156,12210,78940,32610,28763,13520,3732,315,225261,2.853572333,93055,82077,38580,10650,899,8353,15186,9661,8089,9502,9549,6836,11117,15250,39478,19650,21943,8349,24832,51546,6900
Maidstone,E07000110,398,175782,31663,110594,17834,15691,71209,36704,23765,8647,1937,156,175782,2.468536281,90605,58665,21345,4782,385,12687,15703,11980,8537,9344,6937,5412,5851,8279,24786,15510,21706,8547,24906,42531,4148
Maldon,E07000074,139,66208,10090,39566,8865,7687,27900,13842,9688,3587,754,29,66208,2.373046595,32848,22990,8512,1789,69,5175,4958,4099,3504,4190,2356,2019,1966,2436,10674,6744,8920,3600,9798,14080,1612
Malvern Hills,E07000235,130,79486,11444,45796,11417,10829,34894,18380,11642,4108,731,33,79486,2.277927437,41868,26520,9358,1665,75,5937,7670,4353,3244,4406,3037,2108,1831,2567,9778,5781,9379,3689,10781,26021,1691
Manchester,E08000003,913,551937,107283,392487,30299,21868,214729,93533,70524,36937,12983,752,551937,2.570388723,240416,181274,94942,33371,1933,19999,53846,30253,18026,15269,21532,18220,14625,28198,86110,34988,45164,15322,79621,164763,11990
Mansfield,E07000174,295,110480,19109,70069,11622,9680,48030,20410,16642,8443,2430,105,110480,2.300229024,46948,38280,19421,5590,242,4948,6521,5403,4307,6246,5663,4058,5034,8062,21910,10542,13216,5898,15853,19902,2849
Medway,E06000035,729,279776,53664,180055,25935,20122,111458,51808,38410,16523,4326,391,279776,2.51014732,130046,96415,41475,10859,981,14714,21701,17083,13718,15765,12340,9350,10957,13798,43158,26898,35426,13625,40009,57001,6641
Melton,E07000133,91,51752,8230,31362,6673,5487,22597,11989,7627,2517,439,25,51752,2.290215515,27457,17467,5764,1005,57,3875,4147,3071,2274,3210,2311,1532,2130,2400,7034,4293,6303,2893,7908,13349,1166
Merton,E09000024,430,215187,40001,148115,14983,12088,81729,44057,25596,9632,2276,168,215187,2.632933231,115999,67393,25360,5993,442,17552,29039,16059,8921,8993,8271,6350,5086,8941,24609,12368,16510,5752,21786,86412,5334
Mid Devon,E07000042,69,82852,13647,49318,10599,9288,35636,17503,12501,4648,937,47,82852,2.324952295,40694,29064,10806,2178,109,5296,6432,4381,3555,6003,3819,2903,3243,3842,11614,6968,10548,4122,12262,20928,1762
Mid Suffolk,E07000203,177,102697,15277,61444,14033,11943,44343,23134,15119,5145,904,41,102697,2.315968699,53578,35015,11916,2094,95,7376,8877,6707,4898,6496,4203,2993,3377,4118,15185,9148,12784,5345,15667,25917,2259
Mid Sussex,E07000228,319,152566,27441,93634,16105,15386,63349,36299,19835,6078,1068,69,152566,2.408341095,87420,47769,14638,2572,166,13118,17423,11878,7157,6831,6716,4151,2975,4800,14457,11498,18511,5769,22257,47689,3135
Middlesbrough,E06000002,365,143926,28188,91558,13672,10508,60262,25407,20394,10816,3517,128,143926,2.388337593,60680,48708,25832,8400,306,4365,8748,5971,4753,5825,7020,4796,5453,6920,27282,11221,15270,7040,19976,30127,3023
Milton Keynes,E06000042,501,287061,58612,188863,23402,16184,113102,57966,36777,14442,3653,264,287061,2.538071829,147122,93343,36655,9272,670,18187,30168,19654,13561,10858,10408,10180,9128,16709,35577,24422,32011,10477,35371,80545,6428
Mole Valley,E07000210,239,87384,14006,52616,10332,10430,37141,21063,11510,3688,794,86,87384,2.352763792,49556,27080,8677,1868,202,8304,10074,6324,4022,4132,3330,1926,1259,2168,8901,6236,9857,3209,11182,31214,1740
New Forest,E07000091,303,175785,25273,98867,25696,25949,77566,39907,26596,9265,1671,127,175785,2.266263569,90440,60274,20997,3787,288,11958,13851,9827,7660,9886,8007,4927,4467,6392,23951,15276,22002,10396,26369,46380,4370
Newark and Sherwood,E07000175,223,122957,19663,75626,14914,12754,53329,26200,17841,7447,1743,98,122957,2.305631083,60408,41135,17170,4019,226,7780,8960,6968,4863,6550,5617,3979,4778,6405,19448,10577,14913,6360,18403,29579,2687
Newcastle upon Tyne,E08000021,493,300125,48759,206851,24463,20052,122797,56768,40169,19418,6149,293,300125,2.444074367,138745,98176,47459,15029,716,11233,29554,14211,10481,9840,10613,10124,7611,12108,46232,19729,25891,11943,52768,86063,5824
Newcastle-under-Lyme,E07000195,350,123299,18811,77750,14121,12617,53423,24983,18223,8190,1947,80,123299,2.307975965,57660,42058,18902,4494,185,5986,9955,6531,5125,6549,5474,4219,4369,6422,20689,9991,14052,6883,20200,28938,2430
Newham,E09000025,745,351036,70475,255395,15398,9768,115507,45399,41296,21230,7081,501,351036,3.03908854,137972,125502,64520,21520,1523,15129,31925,18850,11996,16008,13075,12452,11344,23825,57151,24931,28082,8619,35783,111130,10478
North Devon,E07000043,55,98611,15360,57797,13222,12232,43197,20705,15124,6010,1268,90,98611,2.282820566,47266,34525,13720,2895,205,5729,6842,4997,3594,7104,4753,3226,3217,4829,14596,9099,12743,5557,14604,23458,2137
North East Derbyshire,E07000038,272,102002,15702,60969,13316,12015,45987,21613,15772,6916,1620,66,102002,2.218061626,47939,34983,15340,3593,146,6009,7960,5423,4565,5779,4530,3469,3501,4421,17066,9101,12364,5825,15328,23507,2082
North East Lincolnshire,E06000012,252,156966,27543,96587,17605,15231,69826,30701,24150,11618,3222,135,156966,2.247959213,69015,54288,26117,7243,303,6021,8378,7175,5785,8024,7100,5331,10210,9088,30907,15531,20513,8313,20885,27537,3837
North Hertfordshire,E07000099,298,133211,23975,83405,13292,12539,56732,31231,17898,6259,1261,83,133211,2.34807516,73333,42026,14697,2961,195,10773,16994,10231,5820,5792,4833,3685,3268,4376,14652,9987,14358,4833,16645,44740,2526
North Kesteven,E07000139,195,118076,18785,71680,14291,13320,50989,26651,17158,6082,1062,36,118076,2.315715154,61716,39733,14084,2459,83,7639,9882,8493,5989,6491,5386,3475,3850,4481,15887,9741,14570,6344,19662,29278,2533
North Lincolnshire,E06000013,278,169681,28209,104194,20251,17027,73173,33731,25637,11151,2565,89,169681,2.318901781,78219,59450,25858,5948,206,8220,10213,8119,6269,9116,7006,5596,10005,9815,30466,16292,21104,9922,23954,33361,4368
North Norfolk,E07000147,185,102980,12901,55579,17794,16706,48374,21480,18213,7186,1413,82,102980,2.128829537,45727,38772,15298,3008,175,5702,5267,4192,3387,6830,4886,3468,2749,4533,18332,10337,13574,6300,14426,23391,2787
North Northamptonshire,E06000061,666,359525,65901,228267,36409,28948,148916,72737,50657,20356,4918,248,359525,2.414280534,175608,122300,49145,11873,599,21652,26578,20162,16558,19276,15321,12174,17477,25489,57682,34404,44428,18199,48272,77281,8920
North Somerset,E06000024,333,216730,35739,129119,26475,25397,94647,48754,31684,11454,2565,190,216730,2.289877122,111641,72552,26228,5874,435,14572,20183,13394,10013,10328,9797,6675,6644,8500,26615,17219,26482,10668,32377,60489,4717
North Tyneside,E08000022,431,208968,35083,130987,23973,18925,96236,47576,31265,13730,3546,119,208968,2.171411946,103307,67889,29813,7700,258,9892,21580,13184,10626,8642,8570,8824,5788,8127,29968,16025,24300,11773,28969,56375,4102
North Warwickshire,E07000218,150,65035,10473,40290,7699,6573,27580,13032,9634,3992,887,35,65035,2.358049311,30730,22717,9413,2092,83,4229,4768,3888,3300,3731,2649,2097,2783,3700,11954,6217,8265,3281,9482,13387,1312
North West Leicestershire,E07000134,211,104704,17382,66320,11714,9288,44973,23178,14910,5672,1161,52,104704,2.328152447,53962,34713,13205,2703,121,7278,8863,6763,4783,5915,4294,3404,4440,5200,15813,8570,12133,5566,16173,25818,2092
North Yorkshire,E06000065,1023,615492,92638,369025,82187,71642,274381,146295,90469,31146,6141,330,615492,2.243201971,328169,202940,69867,13776,740,44548,51755,38045,24910,38236,25953,19238,18095,26719,82990,47623,72377,33901,87830,178949,12510
Northumberland,E06000057,700,320568,48331,190687,45560,35990,146921,71280,49905,20510,5035,191,320568,2.181907284,155526,108888,44751,10986,417,17350,24517,16816,13297,16820,15093,11379,9897,12997,48173,26051,38873,18624,47690,82653,6782
Norwich,E07000148,200,143922,21872,100541,11468,10041,64459,28982,22168,10055,3052,202,143922,2.232768116,64710,49496,22450,6814,451,5575,14145,7887,4962,5806,6276,5295,4428,7675,20617,11147,14453,5181,25170,41202,2992
Nottingham,E06000018,636,323631,55876,229790,20685,17280,124745,51881,42946,22536,7016,366,323631,2.594340455,134597,111417,58466,18202,950,10052,23223,13436,9602,10454,13112,9853,10899,18696,51554,23096,29844,10835,66236,75673,7084
Nuneaton and Bedworth,E07000219,274,134193,24092,84504,13831,11766,56586,25493,19579,9027,2337,150,134193,2.371487647,60456,46431,21407,5542,356,6213,9882,7388,6214,6555,6053,4636,6028,8707,24568,12912,16263,6746,18440,26577,3081
Oadby and Wigston,E07000135,161,57747,9849,35595,6038,6265,22615,11109,7829,3091,549,37,57747,2.553482202,28367,19991,7893,1402,94,2984,5752,3188,2733,2426,2362,1906,1772,2246,8771,4581,6035,2692,8731,15123,1277
Oldham,E08000004,628,242088,51518,151956,21459,17155,93137,38130,32275,16920,5520,292,242088,2.599267745,99110,83891,43980,14348,759,9562,14804,11144,9375,11039,10182,7840,9247,12283,46208,20672,26021,11939,30829,46023,5343
Oxford,E07000178,175,162040,23639,119432,10088,8881,55239,28832,17781,6713,1767,146,162040,2.933434711,84577,52159,19692,5183,428,6571,24726,8034,4475,4503,5371,3363,3640,7105,17204,8339,10389,3798,28127,65698,3163
Pendle,E07000122,260,95757,19271,59240,9754,7492,38066,16180,13333,6450,1999,104,95757,2.515551936,40702,33540,16225,5029,262,4050,5605,4016,3107,5312,3955,3395,4520,4582,18639,8006,9740,4852,12521,19085,2379
Peterborough,E06000031,316,215674,45395,139690,16743,13846,84533,38082,29514,13102,3578,257,215674,2.551358641,97161,75301,33428,9129,656,9905,15657,11165,8992,8845,8810,8099,11039,16132,37471,20666,24191,9286,25727,43956,6276
Plymouth,E06000026,207,264695,43364,172361,26060,22910,114557,52100,38898,18228,5049,282,264695,2.310596472,120382,89878,42118,11666,652,10777,19662,15242,11199,15271,13101,9707,8825,12193,37894,21388,30727,15836,47362,60155,5262
Portsmouth,E06000044,355,208003,35062,142151,16547,14243,86155,40658,28802,12890,3524,281,208003,2.414288201,98160,69536,31120,8508,678,9694,17656,11803,8722,10517,9924,6910,7057,10300,29766,16434,22404,9093,37296,51190,4638
Preston,E07000123,311,147838,27393,98642,11881,9922,59607,27785,20032,8931,2700,159,147838,2.480212056,68913,49684,22151,6697,394,6068,12395,7367,6490,5934,6262,5045,5452,7653,23079,11143,15243,6411,21665,37641,3487
Reading,E06000038,267,174224,30971,122275,11146,9832,67683,34684,21772,8682,2350,195,174224,2.574117578,89281,56044,22348,6049,502,9279,22302,11663,6826,6866,7598,5831,5001,9955,22361,12932,15070,5853,23734,57149,4263
Redbridge,E09000026,816,310259,64352,207975,20909,17023,103713,47994,36254,15319,3869,277,310259,2.991515046,143575,108454,45827,11574,829,18391,33882,16842,14034,12525,9219,9495,8944,13003,41948,20878,27163,7557,33074,102696,8701
Redcar and Cleveland,E06000003,315,136533,22681,82105,17172,14575,61638,27192,21064,10307,2969,106,136533,2.215078361,60232,46658,22831,6577,235,4770,8320,6510,4915,6739,7158,4461,5306,6103,24732,10983,15663,8692,21300,28003,2969
Redditch,E07000236,172,87039,15767,55114,9488,6670,36378,17057,12511,5375,1338,97,87039,2.392627412,40811,29934,12860,3201,232,4700,6616,4976,4090,5018,3735,3290,4637,4744,14605,8168,11026,4119,12108,18162,2063
Reigate and Banstead,E07000211,399,150846,28941,95189,13875,12841,59849,34148,18454,5919,1230,98,150846,2.520443115,86068,46512,14919,3100,247,12966,18363,11279,7301,6394,6478,3714,2917,4221,15765,10997,17047,5244,19632,48338,3106
Ribble Valley,E07000124,145,61558,9352,37358,7807,7041,26747,15673,8156,2455,436,27,61558,2.301491756,36071,18771,5650,1003,62,5104,6769,3934,2632,3730,2420,1493,1652,1950,6802,4059,6746,3472,8863,20456,1064
Richmond upon Thames,E09000027,295,195279,37143,126688,17086,14362,80705,49261,22644,6992,1678,130,195279,2.419664209,119195,54791,16918,4060,315,22932,30144,17262,6821,4411,5153,3414,2139,3448,14163,7779,14029,3743,18830,94089,3201
Rochdale,E08000005,600,223773,45842,141064,21189,15678,90223,38481,30724,15621,5084,313,223773,2.48022123,95441,76202,38744,12609,776,9685,15019,10834,9062,9899,9882,7240,8591,11772,40649,18414,24559,10564,29467,46238,5056
Rochford,E07000075,268,85661,14014,51648,10293,9706,35557,17569,12393,4779,765,51,85661,2.409117755,42326,29856,11513,1843,123,5891,7311,5971,5335,4703,3228,2441,2317,2678,13556,9084,12358,4440,13097,16095,2080
Rossendale,E07000125,166,70871,12714,44503,7884,5770,30561,14666,10071,4496,1270,58,70871,2.319001342,34010,23355,10426,2945,135,4293,6216,4302,2728,3950,3383,2411,2427,2668,10672,5433,8145,3651,10561,17565,1271
Rother,E07000064,349,93113,12722,50197,15187,15007,42102,19251,15475,6112,1192,72,93113,2.211605149,42576,34225,13517,2636,159,5844,6423,4683,3710,5249,4218,2507,1812,2803,15007,8802,11688,4728,13035,23746,2483
Rotherham,E08000018,745,265806,47165,166413,28242,23986,113925,49653,38666,19862,5520,224,265806,2.333166557,115849,90214,46341,12879,523,11892,17762,12909,11005,14748,12018,10462,11289,13174,50529,24545,33613,14398,36879,49807,5802
Rugby,E07000220,173,114364,20706,72852,10535,10271,47016,25096,15539,5231,1106,44,114364,2.432448528,61045,37798,12724,2690,107,7516,11689,7213,5181,4909,3970,3369,4432,8369,14451,8974,12919,5873,15159,32174,2640
Runnymede,E07000212,155,88079,14428,58490,7582,7579,34838,18603,11306,4106,773,50,88079,2.52824502,47033,28584,10381,1954,126,7022,8992,6164,4078,3962,3476,2207,1826,2806,10528,6543,9130,3400,15509,25643,1964
Rushcliffe,E07000176,203,119081,20036,73300,13320,12425,49882,29124,15231,4752,754,21,119081,2.387253919,69526,36360,11344,1800,50,9907,16836,8271,4859,4221,3467,2766,1954,3203,11727,6924,11725,4378,16649,44227,2094
Rushmoor,E07000092,219,99756,17846,66781,8273,6856,39304,20081,12889,5038,1212,84,99756,2.538062284,50967,32713,12787,3076,213,5988,9193,8027,5007,5406,5823,3652,3093,5702,14803,9582,11523,4515,13850,24115,2483
Rutland,E06000017,65,41047,6154,24509,5332,5052,16694,9675,5284,1529,198,8,41047,2.458787588,23789,12992,3759,487,20,3421,3534,3011,1574,1884,1537,975,1012,1470,4491,2953,5278,1936,5835,13012,795
Salford,E08000006,619,269921,50029,183971,19653,16268,115116,53457,37170,18229,5963,297,269921,2.344773967,125345,87155,42743,13982,696,13465,25623,17847,12856,10252,11185,9795,7663,13673,42829,20027,27231,11687,36911,72678,5560
Sandwell,E08000028,963,341832,71098,221029,26514,23191,130244,49388,46056,26244,8161,395,341832,2.624550843,129621,120876,68879,21419,1037,11046,18989,14197,13274,15258,14200,11741,17072,20795,76839,30586,36175,12758,39465,60316,9889
Sefton,E08000014,781,279234,43874,170597,33385,31378,123073,55668,41850,19817,5463,275,279234,2.26884857,126302,94951,44962,12395,624,13954,22913,15367,14573,12000,13221,9758,8583,11024,45890,23885,32729,13808,40580,69495,6005
Sevenoaks,E07000111,275,120512,22370,72214,13341,12587,49013,26797,15559,5399,1193,65,120512,2.458776243,65888,38256,13275,2933,160,10642,12287,8144,5749,5833,3974,2947,2453,3428,15087,9281,14060,4641,15101,36073,2360
Sheffield,E08000019,1204,556525,94246,367460,49413,45406,231950,105238,78863,36628,10582,639,556525,2.399331753,252501,189219,87883,25390,1533,22454,54707,28249,20875,23242,21543,18618,15813,24474,88425,41454,53589,24865,84712,152194,11011
Shropshire,E06000051,539,323607,47918,193601,42765,39323,139579,70872,47508,17359,3697,143,323607,2.318450483,164313,110145,40246,8571,332,21121,26605,18358,13123,20905,14771,10059,10099,14227,45573,26154,40900,16564,47417,88502,7136
Slough,E06000039,313,158500,37285,105895,8940,6380,52424,22184,19176,8603,2293,168,158500,3.023424386,67072,57977,26011,6933,508,7225,13664,7931,6567,6138,6520,5502,7531,10404,23966,12764,14336,5004,16181,41423,5260
Solihull,E08000029,550,216238,39068,131571,23016,22583,89483,45378,28916,12109,2915,165,216238,2.416526044,109657,69876,29262,7044,399,14917,23640,12825,10383,8244,7249,5873,5499,7346,30642,16623,24691,8069,28266,61847,4365
Somerset,E06000066,721,571549,90218,339435,74728,67168,250122,125035,86027,31969,6762,329,571549,2.285080881,285715,196579,73052,15452,752,33964,43445,31468,23193,36362,28609,18345,20478,27429,81075,48500,72670,30819,83785,144903,13188
South Cambridgeshire,E07000012,182,162117,29789,100524,16587,15217,66996,39133,20695,6077,1055,36,162117,2.419801182,94694,50078,14705,2553,87,12766,25793,11083,6875,6990,5733,3482,3095,4847,15409,10095,15214,6049,18451,62375,2769
South Derbyshire,E07000039,238,107204,18884,68383,11259,8678,45239,24546,14303,5298,1057,35,107204,2.369725237,58167,33894,12555,2505,83,7633,10214,6799,4958,5679,4552,3333,4634,4942,13922,8596,12843,5439,16365,27668,2121
South Gloucestershire,E06000025,390,290424,49974,186256,27568,26626,118101,63701,38638,13163,2454,145,290424,2.459115503,156648,95015,32369,6035,357,17839,30991,19142,17135,15940,11877,9371,8721,12373,33792,23996,33959,15142,46440,78233,5802
South Hams,E07000044,45,88627,12730,50816,13500,11581,39335,20843,13180,4431,830,51,88627,2.253133342,46962,29696,9984,1870,115,6715,8215,5070,3219,6078,3199,2519,1712,3022,9725,6329,10121,4397,12682,29878,1838
South Holland,E07000140,177,95122,15066,57359,11843,10854,40703,17927,15205,6323,1193,55,95122,2.336977618,41895,35534,14777,2788,129,5176,4926,4122,4048,5941,4034,3059,6919,6232,19399,9844,12424,5601,12675,15866,3188
South Kesteven,E07000141,271,143404,23738,86547,17697,15422,62850,32490,21181,7674,1445,60,143404,2.281686555,74132,48328,17510,3297,137,9832,11723,8697,6285,7731,6181,4612,5149,6698,19963,12432,17947,7707,21236,35554,3174
South Norfolk,E07000149,217,141949,23173,84264,17886,16626,61382,31718,21228,7114,1261,61,141949,2.312550911,73349,49091,16451,2916,141,9394,14271,8729,6376,8140,6042,4236,4080,5159,19996,11816,17561,7045,20294,37556,2951
South Oxfordshire,E07000179,204,149081,25863,92641,15503,15074,61497,36075,19008,5413,956,45,149081,2.424199554,87453,46079,13122,2318,109,13440,18654,11283,6717,7468,5445,3657,3287,5185,15109,10349,15412,5837,19105,52950,2729
South Ribble,E07000126,225,111035,18315,68687,13058,10975,48588,25461,16043,5871,1158,55,111035,2.285235037,58184,36662,13417,2646,126,6531,10749,7478,5970,6064,4844,3767,3762,4185,14356,8782,12886,6678,17422,29235,2140
South Staffordshire,E07000196,251,110471,16015,66712,14190,13554,46121,23193,15515,6174,1204,35,110471,2.395242948,55553,37162,14788,2884,84,7763,9738,6566,5518,6291,3938,3108,3009,3804,18011,9515,13510,5924,16424,27448,2540
South Tyneside,E08000023,448,147777,24923,92016,17149,13689,68287,29586,23302,11971,3323,105,147777,2.164057581,64026,50427,25906,7191,227,5550,10080,7674,6718,6938,6614,5786,5591,6182,24849,12323,17393,9706,22265,31707,3049
Southampton,E06000045,342,248921,42084,172588,18609,15640,102291,46401,35075,15830,4573,412,248921,2.433459444,112915,85354,38522,11128,1003,10087,22556,13481,9645,11986,11807,8350,10034,14243,35381,19470,25671,11096,41992,64663,6095
Southend-on-Sea,E06000033,607,180686,32295,113830,18023,16538,78344,35711,27058,11979,3277,319,180686,2.306315736,82361,62404,27627,7558,736,10737,15762,11632,9157,8156,7883,5919,5019,7245,28823,17593,23151,7432,25291,39832,4288
Southwark,E09000028,419,307635,48478,233475,15069,10613,130818,63507,41817,19018,6066,410,307635,2.351625923,149345,98338,44723,14265,964,22839,49983,28085,11079,7822,11786,7627,5792,15584,35516,15851,20135,6509,31574,140514,6037
Spelthorne,E07000213,204,102958,18473,65893,9276,9316,41805,21283,14028,5260,1145,89,102958,2.462815453,52416,34548,12954,2820,219,7443,9968,7620,5980,5027,4287,3109,3211,3896,14012,9231,12028,4367,13227,27996,2501
St Albans,E07000240,320,148169,30067,92609,12993,12500,58990,35772,17068,5007,1084,59,148169,2.511764706,89851,42871,12576,2723,148,15079,22024,11343,5826,4307,4231,2982,2072,3417,11783,7775,13318,4003,15218,61536,2458
St. Helens,E08000013,503,183248,30627,114979,20497,17145,81013,35793,27070,13852,4161,137,183248,2.261957957,80962,61231,31333,9412,310,8305,13912,10135,7936,8585,8905,6331,7260,9373,32245,15613,22079,9728,26153,40903,3850
Stafford,E07000197,320,136869,21793,83626,16333,15117,60048,31816,19638,7075,1440,79,136869,2.279326539,72519,44761,16126,3282,180,9051,13723,9048,5940,6408,5268,4294,3916,6423,17910,10712,15946,6417,19756,39860,3014
Staffordshire Moorlands,E07000198,268,95845,14035,56692,13333,11785,42355,20892,14469,5822,1149,23,95845,2.262896943,47276,32742,13175,2600,52,5890,7529,5261,3896,6493,4356,2867,3715,3964,16223,7840,11441,5730,14491,22944,2189
Stevenage,E07000243,153,89493,17237,58714,7211,6331,36509,17418,12285,5349,1332,125,89493,2.451258594,42696,30114,13112,3265,306,4810,8624,5928,4412,5099,4458,3262,3335,4358,12113,9213,10908,3836,12205,21096,1865
Stockport,E08000007,654,294776,52559,182942,30951,28324,126648,64926,40720,16441,4294,267,294776,2.327521951,151117,94777,38267,9994,621,18991,34055,19971,13943,11670,11775,10280,6897,9434,37081,21831,32340,13923,38563,89741,5448
Stockton-on-Tees,E06000004,438,196595,36183,123228,21046,16138,83757,40497,27187,12617,3324,132,196595,2.347206801,95055,63814,29615,7802,310,8934,16471,10765,8296,8787,8512,6708,6945,8757,29441,15324,23005,10565,29004,46648,4023
Stoke-on-Trent,E06000021,716,258369,49445,164660,24255,20009,110400,45368,38581,20120,6068,263,258369,2.340298913,106175,90291,47087,14201,615,8732,13839,10754,9138,13347,13020,10019,12423,17549,53354,22574,30443,14144,34678,44948,5757
Stratford-on-Avon,E07000221,270,134725,20687,80124,17222,16692,59464,33604,18900,5822,1108,30,134725,2.265656532,76135,42821,13191,2510,68,12328,14127,9145,5815,7227,4681,3886,2867,4961,16230,9845,15155,5664,18532,44455,2758
Stroud,E07000082,173,121103,19556,73319,15154,13074,52378,28891,16912,5425,1093,57,121103,2.312096682,66799,39102,12543,2527,132,8962,12494,8139,5325,7280,5065,3412,3595,4439,13517,9028,13879,5638,17118,38746,2269
Sunderland,E08000024,775,274172,45121,172785,31599,24667,122177,50665,42435,22163,6645,269,274172,2.244055755,113695,95227,49735,14912,604,10348,17500,12977,12390,12116,11776,12543,11563,12827,51666,24530,33553,16312,38679,55532,5799
Surrey Heath,E07000214,228,90453,15585,57059,8994,8815,36008,20857,11192,3293,626,40,90453,2.512025106,52393,28115,8272,1573,100,8362,10325,6963,4433,3861,3625,2388,1797,2652,9643,7076,10557,3326,12377,28929,1876
Sutton,E09000029,455,209639,41415,136484,16969,14771,82348,41892,27257,10463,2549,187,209639,2.545769175,106647,69390,26636,6489,476,14515,24808,14021,11070,10279,8691,6190,5308,7114,25122,15348,21432,7281,25866,65889,4719
Swale,E07000113,401,151677,27877,94888,15976,12936,60494,26811,21299,9541,2675,168,151677,2.50730651,67223,53403,23922,6707,421,8518,10199,8929,6786,8523,6320,4559,6221,7868,26824,15032,18975,7665,21027,28911,3566
Swindon,E06000030,317,233411,43546,152796,20397,16672,95862,47251,32397,12869,3167,178,233411,2.434864701,115050,78882,31334,7711,433,12515,21042,14615,11204,11428,10030,8947,10823,14920,32430,24335,30268,10948,30591,52220,6359
Tameside,E08000008,641,231069,43240,147314,22807,17708,99527,42979,34038,17056,5142,312,231069,2.321671506,99783,79025,39598,11938,724,10446,15729,13217,11508,12235,10568,9479,9571,10572,40437,20811,28050,12776,32847,45214,5000
Tamworth,E07000199,193,78647,13979,49754,8569,6345,32894,15032,11381,5225,1216,40,78647,2.390922357,35940,27211,12493,2907,96,4164,4926,4336,3930,4091,3211,3256,3945,5346,13899,8284,10718,3495,11728,13953,1714
Tandridge,E07000215,210,87877,15946,53591,9368,8972,35622,19938,11272,3602,760,50,87877,2.466930549,49186,27807,8886,1875,123,8335,9117,6596,4455,4108,3468,1919,1665,2166,9787,6662,10727,3098,12267,26516,1769
Teignbridge,E07000045,105,134802,19967,78402,19190,17243,59838,29571,20916,7761,1483,107,134802,2.252782513,66617,47119,17484,3341,241,8377,11475,7465,5456,8050,6527,4401,3883,5245,17758,11479,16817,7420,19731,37172,3084
Telford and Wrekin,E06000020,242,185542,34573,118251,18313,14405,76510,35190,25928,12129,3138,125,185542,2.425068618,85338,62877,29414,7610,303,9098,13895,10315,7589,8791,8075,6256,9309,10114,29666,16732,23218,8212,27765,38803,4277
Tendring,E07000076,576,148296,21980,82442,22400,21474,67450,25858,25422,12755,3171,244,148296,2.198606375,56852,55893,28043,6972,536,7171,7380,6536,5540,8013,7665,4682,4491,5729,32782,16158,19076,8535,19444,24811,4084
Test Valley,E07000093,221,130492,22347,80474,14443,13228,54707,30460,17505,5573,1116,53,130492,2.385288903,72656,41754,13293,2662,126,10347,13446,9213,6950,6456,5133,3730,3858,5372,15047,10487,15329,5805,19252,38099,2733
Tewkesbury,E07000083,176,94887,16574,57199,11021,10093,40931,22543,13270,4277,797,44,94887,2.318218465,52260,30763,9915,1848,102,6675,9453,6328,5646,4765,3779,2915,2756,3331,10717,7566,11500,4432,13455,27744,1938
Thanet,E07000114,448,140588,23602,83728,17755,15503,62200,25596,22482,10956,2910,256,140588,2.260257235,57854,50815,24763,6577,579,7051,9437,7323,5082,6849,7592,4594,4051,5922,24990,13332,16646,7147,19294,30376,3632
Three Rivers,E07000102,229,93770,17550,59253,8893,8074,36860,20394,11586,3985,814,81,93770,2.543950081,51881,29474,10138,2071,206,8752,11569,6826,4718,4123,3301,2110,1856,2720,10022,6539,9838,3331,11479,32023,1771
Thurrock,E06000034,447,176001,37326,114821,13533,10321,66377,30305,23194,10204,2500,174,176001,2.651535924,80355,61500,27056,6629,461,9365,12351,9489,10016,9558,6890,6365,8460,10862,29443,16640,21251,6757,22151,35723,4398
Tonbridge and Malling,E07000115,244,132201,24932,81963,13172,12134,53575,28883,17151,6164,1314,63,132201,2.467587494,71271,42322,15210,3242,155,10637,12992,9532,6678,6611,4968,3817,3317,4689,16324,11163,16681,5851,18458,34332,2717
Torbay,E06000027,149,139324,20872,81265,19225,17962,62994,26537,22606,10615,2984,252,139324,2.211702702,58692,49998,23477,6600,557,7173,8170,6288,4905,7681,8139,4861,4076,6372,23137,13696,18096,8688,20227,29628,3560
Torridge,E07000046,44,68114,9855,38937,10498,8824,30459,14051,10950,4491,907,60,68114,2.236252011,31422,24487,10043,2028,134,3587,3775,2871,2501,5609,3643,2227,2203,3125,10824,6635,9073,4208,10137,15059,1624
Tower Hamlets,E09000030,500,310306,54141,238693,10380,7092,120539,55936,38337,18685,7054,527,310306,2.574320344,143997,98692,48101,18159,1357,20348,47809,27002,10716,7320,8567,8765,6700,11321,40999,17155,21433,5441,33343,127299,7213
Trafford,E08000009,471,235050,45906,147854,21488,19802,96269,51885,29699,11666,2883,136,235050,2.441595945,126682,72513,28484,7039,332,16583,31876,16162,10775,7551,7506,7208,4423,6966,25990,15309,23608,8931,28141,79961,4211
Tunbridge Wells,E07000116,209,115311,21399,71539,11330,11043,48223,26644,14989,5298,1188,104,115311,2.391203368,63711,35842,12669,2841,249,10177,13009,8106,4858,5089,4319,3341,2075,3990,12454,7996,13396,3874,14385,38010,2285
Uttlesford,E07000077,129,91341,16655,56257,9804,8625,36957,21451,11364,3506,611,25,91341,2.471548015,53017,28087,8665,1510,62,8844,9418,6968,4544,4637,3390,2307,2075,2785,10117,6980,11425,3739,12688,26926,1646
Vale of White Horse,E07000180,187,138911,24807,86639,14231,13234,57498,33434,17813,5252,950,49,138911,2.415927511,80774,43035,12688,2295,118,10664,18844,10537,6273,6729,5017,3374,3312,4692,14092,9588,13750,5595,17367,49504,2530
Wakefield,E08000036,802,353370,61899,224864,36927,29680,153076,68485,51797,25294,7240,260,353370,2.308461157,158095,119571,58390,16713,600,17151,24409,19768,15103,17458,15357,12180,16572,23410,70233,31086,42945,18709,46794,69797,7975
Walsall,E08000030,880,284124,57307,177355,25406,24056,112226,45129,39289,21212,6280,316,284124,2.531712794,114254,99468,53703,15899,800,11334,17421,12380,11068,14273,11693,9621,12372,15187,58781,25619,31738,11823,35038,52903,7198
Waltham Forest,E09000031,543,278424,53039,196989,15998,12398,102901,46576,34786,16559,4600,380,278424,2.7057463,126023,94122,44804,12446,1028,17260,31683,20768,11222,13710,9890,8365,8112,14660,40535,18874,23106,7699,28770,95910,7288
Wandsworth,E09000032,447,327507,51290,244883,17381,13953,137392,80186,38272,14425,4113,396,327507,2.383741411,191143,91231,34385,9804,944,35629,61064,36791,13030,7707,10439,7259,5033,9270,27202,12759,18895,5578,31214,171346,6564
Warrington,E06000007,514,210977,35813,135005,21442,18717,90538,46997,29036,11560,2824,121,210977,2.330259118,109515,67661,26938,6581,282,13556,20664,13816,9883,8645,8052,7779,7093,11173,28453,17238,25489,10298,29830,56955,4454
Warwick,E07000222,242,148456,23695,96736,14305,13720,62618,35954,18917,6230,1406,111,148456,2.370819892,85240,44849,14770,3333,263,11391,21392,10151,5725,5492,4669,3788,2947,4786,15548,9022,13233,5157,21832,55685,2775
Watford,E07000103,237,102243,20075,69280,6888,6000,39628,20051,13115,5091,1264,107,102243,2.580069648,51733,33838,13135,3261,276,6644,12153,7042,4824,4834,4359,3412,3148,4934,12841,7463,9965,3296,11677,33256,2465
Waverley,E07000216,300,128227,22897,77324,13632,14374,52448,31228,15702,4609,864,45,128227,2.444840604,76347,38389,11268,2112,110,12629,15437,9127,4898,5245,4580,2623,1688,3144,11859,7531,13644,4078,15825,48292,2405
Wealden,E07000065,374,160150,24685,92977,21894,20594,68265,35828,23388,7707,1287,55,160150,2.346004541,84053,54868,18081,3019,129,12846,13540,10129,7329,9678,7048,4520,3087,4950,19965,13935,20838,7742,24057,43548,3563
Welwyn Hatfield,E07000241,246,119837,20992,80037,9581,9227,46209,23806,15375,5712,1240,76,119837,2.593369257,61738,39873,14813,3216,197,8324,11866,7668,5468,5037,4409,3636,3053,5090,13975,8998,12533,4352,18576,36378,2672
West Berkshire,E06000037,223,161447,28655,101280,17053,14459,66658,37321,21058,6829,1365,85,161447,2.422019863,90392,51003,16540,3306,206,13237,18191,11903,7720,8148,6836,4699,3998,5948,18484,12985,18954,6788,22048,48376,3101
West Devon,E07000047,30,57096,8093,32733,8614,7656,24818,12236,8733,3176,620,53,57096,2.300588283,28150,20091,7307,1426,122,3447,4417,2858,2102,4233,2400,1672,1515,2262,7530,4858,7079,3049,8119,16468,1258
West Lancashire,E07000127,261,117430,17806,73902,13705,12017,48533,23639,16442,6818,1567,67,117430,2.419590794,57197,39783,16497,3791,162,7033,9834,6131,4800,5421,4878,3394,4291,5269,17485,9061,13457,5776,20675,29460,2418
West Lindsey,E07000142,161,95153,14983,56185,12991,10994,42346,20854,14460,5705,1273,54,95153,2.24703632,46860,32492,12819,2860,121,5726,7384,5028,3843,5278,4207,2877,3305,3677,14326,8194,11616,5360,14323,23191,2107
West Northamptonshire,E06000062,796,425725,77210,275839,40260,32416,172641,89483,57289,20930,4659,280,425725,2.465955364,220661,141272,51612,11489,690,28303,37468,26655,20457,21664,17025,12953,16043,28526,59804,37390,49213,19758,58081,109086,10168
West Oxfordshire,E07000181,179,114236,19172,70315,12689,12060,47982,27166,15276,4656,844,40,114236,2.38080947,64677,36369,11085,2009,95,9408,11921,8865,5479,6708,4989,3127,3151,4235,13058,8896,12617,5076,16106,35913,2143
West Suffolk,E07000245,180,179946,29977,112606,19248,18115,78746,38855,28247,9612,1926,106,179946,2.285144642,88789,64548,21965,4401,242,11331,14584,12885,7991,10862,8998,5334,6715,8926,31016,16000,20814,9349,23853,42235,4861
Westminster,E09000033,358,204235,25016,154439,13645,11135,94815,47540,28839,12728,5025,683,204235,2.154036809,102403,62120,27417,10824,1471,22622,30324,17087,6567,3420,5887,4654,2686,5442,22882,8615,12181,3746,22019,102356,5668
Westmorland and Furness,E06000064,561,226591,31957,136329,30973,27332,103529,53613,34569,12511,2722,114,226591,2.188671773,117341,75660,27382,5958,250,13653,18411,11856,8330,17357,10207,7815,7357,11305,30786,17565,25594,15530,34645,63595,4457
Wigan,E08000010,907,329330,56815,208912,35248,28355,143105,66618,46951,22904,6380,252,329330,2.301317215,153309,108049,52709,14682,580,16090,24826,19018,14857,17848,15915,11719,14196,16424,56571,28257,41466,18997,47383,69357,6663
Wiltshire,E06000054,773,510333,85485,313321,58700,52827,215081,114886,70924,24198,4848,225,510333,2.372747941,272596,168285,57416,11503,534,36503,46592,36892,25577,28351,22119,15156,15263,20981,60409,42756,62668,23327,76544,143201,10209
Winchester,E07000094,190,127445,21117,79748,13410,13170,51715,30153,15705,4907,894,56,127445,2.464372039,74308,38703,12093,2203,138,11033,16160,8677,4976,5004,4071,2635,1978,3738,11624,7320,12998,4209,19439,47033,2127
Windsor and Maidenhead,E06000040,313,153498,27733,97444,14517,13804,60933,35924,18161,5724,1071,53,153498,2.519127566,90497,45750,14419,2698,134,15879,18553,12507,6497,5743,5251,3426,2827,4299,15552,10077,15918,5060,18341,55603,3124
Wirral,E08000015,896,320196,54365,195440,38021,32370,143252,65530,47854,22925,6645,298,320196,2.235193924,146472,106963,51242,14853,666,15479,27622,17913,14377,13364,15168,10719,9572,12184,46894,25282,38576,15663,46887,82451,6359
Woking,E07000217,186,103944,19747,66987,8939,8271,41437,23292,12851,4289,929,76,103944,2.508482757,58428,32237,10759,2330,191,8618,13311,7680,4816,4250,4125,2786,2466,3476,10993,7003,10324,3209,12138,37112,2202
Wokingham,E06000041,267,177498,34504,112447,15863,14684,69164,42518,20173,5513,900,60,177498,2.566335088,109115,51771,14148,2310,154,15804,25316,14577,8201,6535,5676,4150,3073,4197,14671,11396,17773,5746,22992,65047,3196
Wolverhampton,E08000031,735,263726,52049,168395,22607,20675,105141,42414,37053,19711,5649,314,263726,2.508307891,106387,92940,49441,14169,788,9551,17464,11328,10030,11286,11504,8329,12354,15675,52803,22947,28741,10241,31391,54712,7606
Worcester,E07000237,175,103874,17095,68486,9867,8426,44720,22399,14795,5865,1553,108,103874,2.322763864,52028,34365,13623,3607,251,5542,10159,6508,4695,4811,4782,3655,4013,5424,14869,7892,11506,4558,15703,28872,2207
Worthing,E07000229,208,111340,17859,68528,12470,12483,49537,23654,17226,6875,1599,183,111340,2.247612895,53165,38717,15452,3594,411,6643,10634,7540,5221,5577,5989,3650,2848,4168,14977,9868,14057,5009,16416,29318,2710
Wychavon,E07000238,248,132492,20315,79245,17385,15547,57356,29626,19350,6922,1375,83,132492,2.309993723,68436,44698,15990,3176,192,10275,11376,7813,5919,7314,5298,4199,4663,5627,19535,11321,15311,6464,18393,36591,3102
Wyre,E07000128,340,111945,16444,64500,15979,15022,50767,23366,17707,7793,1813,88,111945,2.205074162,51524,39045,17184,3998,194,5958,8517,5579,5662,5898,4909,3147,3103,3778,18693,9497,13859,6726,16519,26682,2375
Wyre Forest,E07000239,249,101609,15955,59988,13497,12169,45322,20798,15760,6928,1730,106,101609,2.241935484,46628,35333,15532,3879,238,5813,7010,5212,4292,5966,4808,3512,3722,4578,18419,9053,12683,5610,14402,22057,2339
York,E06000014,337,202821,28838,135250,20265,18468,85459,46025,27910,9518,1918,88,202821,2.373313519,109232,66239,22589,4552,209,11492,22761,12098,7912,8494,7734,6624,4806,8388,22953,12802,19552,9032,37410,66749,3585
